file,onset_s,offset_s,label,freq_min,freq_max,selection,view,filepath,index,source_filepath,duration_s,n_frames,id
26D00033.wav,1505.989,1510.366,G01,8664.6,14178.5,995.0,Spectrogram 1,G:\F3\AuralF3_20240419\26D00033.WAV,,,,,
26D00033.wav,2009.754,2010.839,G01,3435.4,4932.8,995.0,Spectrogram 1,G:\F3\AuralF3_20240419\26D00033.WAV,,,,,
26D00033.wav,2025.597,2026.465,G01,2774.7,4580.5,995.0,Spectrogram 1,G:\F3\AuralF3_20240419\26D00033.WAV,,,,,
26D00033.wav,2055.014,2057.091,G01,1717.7,4272.2,995.0,Spectrogram 1,G:\F3\AuralF3_20240419\26D00033.WAV,,,,,
26D00033.wav,2380.334,2383.541,G01,4057.3,5729.8,995.0,Spectrogram 1,G:\F3\AuralF3_20240419\26D00033.WAV,,,,,
26D00573.wav,22.63,25.751,G01,14.4,2709.0,22.0,Spectrogram 1,G:\F3\AuralF3_20240603\26D00573.WAV,,,,,
26D01286.wav,325.617,327.096,G01,1211.5,2068.6,251.0,Spectrogram 1,G:\F3\F3a_20250103\26D01286.WAV,,,,,
26D01286.wav,1629.66,1630.911,G01,906.6,1401.0,251.0,Spectrogram 1,G:\F3\F3a_20250103\26D01286.WAV,,,,,
26D01636.wav,480.768,481.124,G01,1911.5,2761.0,25.0,Spectrogram 1,G:\F3\F3a_20250403\26D01636.WAV,,,,,
26D01636.wav,709.07,709.463,G01,1820.4,3246.5,25.0,Spectrogram 1,G:\F3\F3a_20250403\26D01636.WAV,,,,,
26D01636.wav,1630.871,1631.197,G01,2366.6,3094.8,25.0,Spectrogram 1,G:\F3\F3a_20250403\26D01636.WAV,,,,,
26D01640.wav,1696.547,1697.327,G01,3354.2,5461.3,100.0,Spectrogram 1,G:\F3\F3a_20250118\26D01640.WAV,,,,,
26D01643.wav,397.193,398.291,G01,5504.3,6751.4,112.0,Spectrogram 1,G:\F3\F3a_20250118\26D01643.WAV,,,,,
26D01643.wav,413.378,415.517,G01,5246.3,6708.4,112.0,Spectrogram 1,G:\F3\F3a_20250118\26D01643.WAV,,,,,
26D01643.wav,429.8,431.274,G01,5203.3,6622.4,112.0,Spectrogram 1,G:\F3\F3a_20250118\26D01643.WAV,,,,,
26D01643.wav,439.338,445.002,G01,4429.3,7353.4,112.0,Spectrogram 1,G:\F3\F3a_20250118\26D01643.WAV,,,,,
26D01643.wav,456.222,466.309,G01,5074.3,7009.4,112.0,Spectrogram 1,G:\F3\F3a_20250118\26D01643.WAV,,,,,
26D01643.wav,884.696,886.343,G01,4859.3,6622.4,112.0,Spectrogram 1,G:\F3\F3a_20250118\26D01643.WAV,,,,,
26D01646.wav,1662.527,1662.928,G01,8809.3,11011.6,528.0,Spectrogram 1,G:\F3\F3a_20250118\26D01646.WAV,,,,,
26D01646.wav,1668.612,1668.997,G01,8542.4,11345.3,528.0,Spectrogram 1,G:\F3\F3a_20250118\26D01646.WAV,,,,,
26D01646.wav,1674.533,1674.884,G01,8442.3,10911.5,528.0,Spectrogram 1,G:\F3\F3a_20250118\26D01646.WAV,,,,,
26D01646.wav,1675.825,1676.616,G01,12880.3,13214.0,528.0,Spectrogram 1,G:\F3\F3a_20250118\26D01646.WAV,,,,,
26D01646.wav,1682.097,1682.514,G01,8308.8,13848.0,528.0,Spectrogram 1,G:\F3\F3a_20250118\26D01646.WAV,,,,,
26D01649.wav,967.511,968.012,G01,1768.5,2702.9,634.0,Spectrogram 1,G:\F3\F3a_20250118\26D01649.WAV,,,,,
26D01659.wav,1090.435,1093.666,G01,126.0,5300.7,557.0,Spectrogram 1,G:\F3\AuralF3_20240901\26D01659.WAV,,,,,
26D02000.wav,96.148,96.463,G01,2396.7,2797.5,16.0,Spectrogram 1,G:\F3\F3a_20250418\26D02000.WAV,,,,,
26D02019.wav,1678.636,1682.597,G01,4552.9,6861.4,211.0,Spectrogram 1,G:\F3\F3a_20250418\26D02019.WAV,,,,,
279C0115.wav,358.664,392.662,G01,6207.0,10618.1,114.0,Spectrogram 1,G:\F1\F1_20240421\279C0115.WAV,,,,,
279C0246.wav,706.52,748.204,G01,8041.5,16083.0,10.0,Spectrogram 1,G:\F2\F2a_20250203\279C0246.WAV,,,,,
279C0252.wav,835.622,840.666,G01,1849.1,12642.8,43.0,Spectrogram 1,G:\F2\F2a_20250203\279C0252.WAV,,,,,
279C0263.wav,1107.017,1113.0,G01,6493.4,16384.0,119.0,Spectrogram 1,G:\F2\F2a_20250203\279C0263.WAV,,,,,
279C0263.wav,1277.109,1283.033,G01,3010.2,16384.0,119.0,Spectrogram 1,G:\F2\F2a_20250203\279C0263.WAV,,,,,
279C0265.wav,636.827,640.208,G01,5891.4,12255.7,150.0,Spectrogram 1,G:\F2\F2a_20250203\279C0265.WAV,,,,,
279C0265.wav,936.884,939.254,G01,6579.4,11696.7,150.0,Spectrogram 1,G:\F2\F2a_20250203\279C0265.WAV,,,,,
279C0265.wav,1588.114,1641.176,G01,6364.4,16384.0,150.0,Spectrogram 1,G:\F2\F2a_20250203\279C0265.WAV,,,,,
279C0268.wav,105.178,105.872,G01,8299.5,11438.7,234.0,Spectrogram 1,G:\F2\F2a_20250203\279C0268.WAV,,,,,
279C0268.wav,1577.616,1632.506,G01,7396.5,14061.9,234.0,Spectrogram 1,G:\F2\F2a_20250203\279C0268.WAV,,,,,
279C0439.wav,13.824,21.868,G01,5944.6,16166.5,15.0,Spectrogram 1,G:\F2\F2a_20250211\279C0439.WAV,,,,,
279C0439.wav,572.329,579.214,G01,7829.5,16166.5,15.0,Spectrogram 1,G:\F2\F2a_20250211\279C0439.WAV,,,,,
279C0439.wav,652.382,661.2,G01,6234.6,15151.6,15.0,Spectrogram 1,G:\F2\F2a_20250211\279C0439.WAV,,,,,
279C0439.wav,1139.421,1146.193,G01,4225.2,7994.9,46.0,Spectrogram 1,G:\F2\F2a_20250211\279C0439.WAV,,,,,
279C0439.wav,1255.129,1256.219,G01,9496.9,16094.0,15.0,Spectrogram 1,G:\F2\F2a_20250211\279C0439.WAV,,,,,
279C0439.wav,1301.641,1302.156,G01,2081.9,3304.0,46.0,Spectrogram 1,G:\F2\F2a_20250211\279C0439.WAV,,,,,
279C0439.wav,1534.91,1535.736,G01,5565.3,8465.2,46.0,Spectrogram 1,G:\F2\F2a_20250211\279C0439.WAV,,,,,
279C0439.wav,1605.16,1606.337,G01,4639.7,10076.9,15.0,Spectrogram 1,G:\F2\F2a_20250211\279C0439.WAV,,,,,
279C0440.wav,187.871,194.004,G01,2102.4,4204.7,45.0,Spectrogram 1,G:\F2\F2a_20250211\279C0440.WAV,,,,,
279C0440.wav,1791.506,1799.463,G01,6234.6,14281.6,23.0,Spectrogram 1,G:\F2\F2a_20250211\279C0440.WAV,,,,,
279C0441.wav,110.371,110.851,G01,4929.7,15296.6,25.0,Spectrogram 1,G:\F2\F2a_20250211\279C0441.WAV,,,,,
279C0443.wav,1315.664,1316.404,G01,8119.5,15151.6,33.0,Spectrogram 1,G:\F2\F2a_20250211\279C0443.WAV,,,,,
279C0443.wav,1392.162,1392.72,G01,8554.5,14354.1,33.0,Spectrogram 1,G:\F2\F2a_20250211\279C0443.WAV,,,,,
279C0444.wav,106.308,106.962,G01,5799.6,8482.0,14.0,Spectrogram 1,G:\F2\F2a_20250211\279C0444.WAV,,,,,
279C0444.wav,295.94,296.262,G01,5727.2,10946.8,14.0,Spectrogram 1,G:\F2\F2a_20250211\279C0444.WAV,,,,,
279C0444.wav,312.86,314.158,G01,6959.6,10801.8,14.0,Spectrogram 1,G:\F2\F2a_20250211\279C0444.WAV,,,,,
279C0444.wav,337.791,339.168,G01,7829.5,10656.8,14.0,Spectrogram 1,G:\F2\F2a_20250211\279C0444.WAV,,,,,
279C0444.wav,1084.263,1084.847,G01,6452.1,8989.5,14.0,Spectrogram 1,G:\F2\F2a_20250211\279C0444.WAV,,,,,
279C0444.wav,1244.705,1245.332,G01,6307.1,11381.8,14.0,Spectrogram 1,G:\F2\F2a_20250211\279C0444.WAV,,,,,
279C0445.wav,925.313,927.483,G01,7249.6,13774.2,20.0,Spectrogram 1,G:\F2\F2a_20250211\279C0445.WAV,,,,,
279C0445.wav,969.333,973.124,G01,8554.5,13339.2,20.0,Spectrogram 1,G:\F2\F2a_20250211\279C0445.WAV,,,,,
279C0445.wav,1111.5,1111.901,G01,6452.1,8627.0,20.0,Spectrogram 1,G:\F2\F2a_20250211\279C0445.WAV,,,,,
279C0445.wav,1123.348,1123.914,G01,6669.6,10076.9,20.0,Spectrogram 1,G:\F2\F2a_20250211\279C0445.WAV,,,,,
279C0445.wav,1188.312,1189.768,G01,6814.6,9134.4,20.0,Spectrogram 1,G:\F2\F2a_20250211\279C0445.WAV,,,,,
279C0445.wav,1227.418,1227.802,G01,13411.7,15659.0,20.0,Spectrogram 1,G:\F2\F2a_20250211\279C0445.WAV,,,,,
279C0445.wav,1251.665,1253.329,G01,7539.5,11454.3,20.0,Spectrogram 1,G:\F2\F2a_20250211\279C0445.WAV,,,,,
279C0445.wav,1286.385,1287.422,G01,8264.5,9641.9,20.0,Spectrogram 1,G:\F2\F2a_20250211\279C0445.WAV,,,,,
279C0446.wav,294.242,303.143,G01,3334.8,8119.5,47.0,Spectrogram 1,G:\F2\F2a_20250211\279C0446.WAV,,,,,
279C0446.wav,872.601,873.377,G01,5437.2,12396.7,34.0,Spectrogram 1,G:\F2\F2a_20250211\279C0446.WAV,,,,,
279C0446.wav,1190.127,1196.376,G01,5219.7,14426.6,34.0,Spectrogram 1,G:\F2\F2a_20250211\279C0446.WAV,,,,,
279C0450.wav,420.451,453.835,G01,5727.2,15586.5,16.0,Spectrogram 1,G:\F2\F2a_20250211\279C0450.WAV,,,,,
279C0450.wav,1648.956,1649.287,G01,7104.6,14861.6,16.0,Spectrogram 1,G:\F2\F2a_20250211\279C0450.WAV,,,,,
279C0454.wav,97.892,102.13,G01,5018.3,13210.3,44.0,Spectrogram 1,G:\F2\F2a_20250211\279C0454.WAV,,,,,
279C0461.wav,28.519,54.791,G01,10584.4,13266.7,13.0,Spectrogram 1,G:\F2\F2a_20250211\279C0461.WAV,,,,,
279C0461.wav,164.574,169.001,G01,10439.4,13411.7,13.0,Spectrogram 1,G:\F2\F2a_20250211\279C0461.WAV,,,,,
279C0760.wav,1497.718,1498.081,G01,7039.1,8192.0,2.0,Spectrogram 1,G:\F1\F1_20240518\279C0760.WAV,,,,,
279C0768.wav,244.112,270.161,G01,6159.2,9041.5,3.0,Spectrogram 1,G:\F1\F1_20240518\279C0768.WAV,,,,,
279C0768.wav,279.949,280.711,G01,5613.0,6401.9,3.0,Spectrogram 1,G:\F1\F1_20240518\279C0768.WAV,,,,,
279C0770.wav,654.641,656.311,G01,6033.5,6887.3,4.0,Spectrogram 1,G:\F1\F1_20240518\279C0770.WAV,,,,,
279C1506.wav,1313.483,1349.031,G01,5860.0,15965.4,896.0,Spectrogram 1,G:\F1\F1_20240618\279C1506.WAV,,,,,
279C1863.wav,1524.721,1541.861,G01,4179.6,15656.9,60.0,Spectrogram 1,G:\F1\F1_20240703\279C1863.WAV,,,,,
279C1863.wav,1597.819,1599.026,G01,5057.3,15422.7,60.0,Spectrogram 1,G:\F1\F1_20240703\279C1863.WAV,,,,,
279C1864.wav,679.876,710.16,G01,4388.6,15924.2,66.0,Spectrogram 1,G:\F1\F1_20240703\279C1864.WAV,,,,,
279C1867.wav,0.233,12.233,G01,5935.0,16384.0,90.0,Spectrogram 1,G:\F1\F1_20240703\279C1867.WAV,,,,,
279C1867.wav,30.504,54.901,G01,6675.0,16133.2,90.0,Spectrogram 1,G:\F1\F1_20240703\279C1867.WAV,,,,,
279C1870.wav,1095.581,1097.424,G01,6501.6,14953.7,246.0,Spectrogram 1,G:\F1\F1_20240703\279C1870.WAV,,,,,
279C1870.wav,1457.958,1468.221,G01,5938.1,16297.3,246.0,Spectrogram 1,G:\F1\F1_20240703\279C1870.WAV,,,,,
279C1870.wav,1491.11,1492.445,G01,7065.1,11832.9,246.0,Spectrogram 1,G:\F1\F1_20240703\279C1870.WAV,,,,,
279C1870.wav,1645.56,1646.449,G01,6284.9,13566.6,246.0,Spectrogram 1,G:\F1\F1_20240703\279C1870.WAV,,,,,
279C1870.wav,1739.259,1740.191,G01,6848.3,11572.8,246.0,Spectrogram 1,G:\F1\F1_20240703\279C1870.WAV,,,,,
279C1871.wav,264.051,265.068,G01,6588.3,13133.2,269.0,Spectrogram 1,G:\F1\F1_20240703\279C1871.WAV,,,,,
279C1871.wav,799.645,846.39,G01,5938.1,16384.0,269.0,Spectrogram 1,G:\F1\F1_20240703\279C1871.WAV,,,,,
279C1871.wav,1501.719,1503.096,G01,8105.3,9622.3,269.0,Spectrogram 1,G:\F1\F1_20240703\279C1871.WAV,,,,,
279C1871.wav,1540.837,1548.952,G01,3510.9,16384.0,269.0,Spectrogram 1,G:\F1\F1_20240703\279C1871.WAV,,,,,
279C1878.wav,1131.246,1132.951,G01,43.0,516.0,460.0,Spectrogram 1,G:\F1\F1_20240703\279C1878.WAV,,,,,
279C2223.wav,24.836,25.443,G01,2236.1,14276.9,34.0,Spectrogram 1,G:\F1\F1_20240718\279C2223.WAV,,,,,
279C2223.wav,1546.229,1550.68,G01,7783.5,15007.9,34.0,Spectrogram 1,G:\F1\F1_20240718\279C2223.WAV,,,,,
279C2223.wav,1615.145,1620.342,G01,6880.4,13975.9,34.0,Spectrogram 1,G:\F1\F1_20240718\279C2223.WAV,,,,,
279C2224.wav,1583.79,1585.119,G01,2064.1,7869.5,65.0,Spectrogram 1,G:\F1\F1_20240718\279C2224.WAV,,,,,
279C2227.wav,1447.11,1453.987,G01,5261.8,15696.0,108.0,Spectrogram 1,G:\F1\F1_20240718\279C2227.WAV,,,,,
279C2227.wav,1484.972,1501.606,G01,5923.4,11954.7,108.0,Spectrogram 1,G:\F1\F1_20240718\279C2227.WAV,,,,,
279C2227.wav,1549.348,1552.492,G01,5719.3,9116.6,108.0,Spectrogram 1,G:\F1\F1_20240718\279C2227.WAV,,,,,
279C2227.wav,1592.264,1593.305,G01,8084.5,10793.7,108.0,Spectrogram 1,G:\F1\F1_20240718\279C2227.WAV,,,,,
279C2227.wav,1681.409,1695.484,G01,5762.4,15344.2,108.0,Spectrogram 1,G:\F1\F1_20240718\279C2227.WAV,,,,,
279C2227.wav,1704.299,1705.021,G01,7912.5,9202.6,108.0,Spectrogram 1,G:\F1\F1_20240718\279C2227.WAV,,,,,
279C2227.wav,1709.36,1711.99,G01,5762.4,13717.8,108.0,Spectrogram 1,G:\F1\F1_20240718\279C2227.WAV,,,,,
279C2227.wav,1728.897,1762.108,G01,4902.3,14745.6,108.0,Spectrogram 1,G:\F1\F1_20240718\279C2227.WAV,,,,,
279C2227.wav,1783.932,1787.227,G01,4429.3,12771.8,108.0,Spectrogram 1,G:\F1\F1_20240718\279C2227.WAV,,,,,
279C2228.wav,140.108,142.045,G01,6450.4,11610.7,124.0,Spectrogram 1,G:\F1\F1_20240718\279C2228.WAV,,,,,
279C2228.wav,254.513,256.165,G01,5596.7,14847.1,124.0,Spectrogram 1,G:\F1\F1_20240718\279C2228.WAV,,,,,
279C2228.wav,430.31,432.42,G01,7224.4,14448.9,124.0,Spectrogram 1,G:\F1\F1_20240718\279C2228.WAV,,,,,
279C2228.wav,449.646,451.594,G01,7826.5,14276.9,124.0,Spectrogram 1,G:\F1\F1_20240718\279C2228.WAV,,,,,
279C2228.wav,588.824,589.834,G01,7009.4,9589.6,124.0,Spectrogram 1,G:\F1\F1_20240718\279C2228.WAV,,,,,
279C2228.wav,649.088,651.779,G01,7310.4,15179.9,124.0,Spectrogram 1,G:\F1\F1_20240718\279C2228.WAV,,,,,
279C2228.wav,710.311,726.322,G01,5676.3,11696.7,124.0,Spectrogram 1,G:\F1\F1_20240718\279C2228.WAV,,,,,
279C2228.wav,740.602,742.712,G01,6020.4,13674.8,124.0,Spectrogram 1,G:\F1\F1_20240718\279C2228.WAV,,,,,
279C2228.wav,777.773,778.987,G01,6923.4,10277.6,124.0,Spectrogram 1,G:\F1\F1_20240718\279C2228.WAV,,,,,
279C2228.wav,934.29,935.273,G01,6966.4,9718.6,124.0,Spectrogram 1,G:\F1\F1_20240718\279C2228.WAV,,,,,
279C2228.wav,941.663,967.302,G01,6708.4,13502.8,124.0,Spectrogram 1,G:\F1\F1_20240718\279C2228.WAV,,,,,
279C2230.wav,133.109,138.629,G01,4558.3,10449.6,201.0,Spectrogram 1,G:\F1\F1_20240718\279C2230.WAV,,,,,
279C2230.wav,173.95,186.814,G01,7568.5,10922.7,201.0,Spectrogram 1,G:\F1\F1_20240718\279C2230.WAV,,,,,
279C2230.wav,237.568,242.106,G01,8256.5,10793.7,201.0,Spectrogram 1,G:\F1\F1_20240718\279C2230.WAV,,,,,
279C2230.wav,265.952,268.64,G01,6665.4,10191.6,201.0,Spectrogram 1,G:\F1\F1_20240718\279C2230.WAV,,,,,
279C2230.wav,536.733,552.426,G01,8256.5,10535.6,201.0,Spectrogram 1,G:\F1\F1_20240718\279C2230.WAV,,,,,
279C2241.wav,991.278,993.359,G01,7697.5,15351.9,715.0,Spectrogram 1,G:\F1\F1_20240718\279C2241.WAV,,,,,
279C2241.wav,1146.957,1154.356,G01,6450.4,14362.9,715.0,Spectrogram 1,G:\F1\F1_20240718\279C2241.WAV,,,,,
279C2624.wav,299.919,334.315,G01,5762.4,8256.5,361.0,Spectrogram 1,G:\F1\F1_20240803\279C2624.WAV,,,,,
279C2624.wav,523.692,549.199,G01,3397.2,6923.4,361.0,Spectrogram 1,G:\F1\F1_20240803\279C2624.WAV,,,,,
279C2624.wav,586.58,602.16,G01,2795.2,7052.4,361.0,Spectrogram 1,G:\F1\F1_20240803\279C2624.WAV,,,,,
279C2624.wav,623.242,632.373,G01,3655.2,11094.7,361.0,Spectrogram 1,G:\F1\F1_20240803\279C2624.WAV,,,,,
279C2624.wav,813.59,814.822,G01,5160.3,9245.6,361.0,Spectrogram 1,G:\F1\F1_20240803\279C2624.WAV,,,,,
279C2624.wav,967.233,978.416,G01,5504.3,7568.5,361.0,Spectrogram 1,G:\F1\F1_20240803\279C2624.WAV,,,,,
279C2624.wav,993.87,1016.37,G01,5031.3,7009.4,361.0,Spectrogram 1,G:\F1\F1_20240803\279C2624.WAV,,,,,
279C2978.wav,543.527,544.743,G01,5065.5,13354.4,15.0,Spectrogram 1,G:\F1\F1_20240818\279C2978.WAV,,,,,
279C2978.wav,546.524,549.333,G01,5283.6,13427.1,15.0,Spectrogram 1,G:\F1\F1_20240818\279C2978.WAV,,,,,
279C2978.wav,551.797,552.698,G01,5477.5,11876.0,15.0,Spectrogram 1,G:\F1\F1_20240818\279C2978.WAV,,,,,
279C2978.wav,571.398,572.614,G01,7610.3,14396.6,15.0,Spectrogram 1,G:\F1\F1_20240818\279C2978.WAV,,,,,
279C2978.wav,574.6,575.318,G01,6640.9,14008.8,15.0,Spectrogram 1,G:\F1\F1_20240818\279C2978.WAV,,,,,
279C2978.wav,577.2,577.9,G01,7222.5,11730.6,15.0,Spectrogram 1,G:\F1\F1_20240818\279C2978.WAV,,,,,
279C2978.wav,1124.61,1126.562,G01,2253.1,6131.0,15.0,Spectrogram 1,G:\F1\F1_20240818\279C2978.WAV,,,,,
279C2978.wav,1253.241,1255.0,G01,4459.6,11488.2,15.0,Spectrogram 1,G:\F1\F1_20240818\279C2978.WAV,,,,,
279C2978.wav,1325.612,1326.837,G01,2666.0,5429.0,15.0,Spectrogram 1,G:\F1\F1_20240818\279C2978.WAV,,,,,
279C2978.wav,1362.335,1363.464,G01,2908.4,5089.7,15.0,Spectrogram 1,G:\F1\F1_20240818\279C2978.WAV,,,,,
279C2978.wav,1387.462,1388.792,G01,3005.3,5138.2,15.0,Spectrogram 1,G:\F1\F1_20240818\279C2978.WAV,,,,,
279C2980.wav,406.458,407.56,G01,2181.3,5477.5,30.0,Spectrogram 1,G:\F1\F1_20240818\279C2980.WAV,,,,,
279C2980.wav,534.64,536.154,G01,4459.6,15269.1,30.0,Spectrogram 1,G:\F1\F1_20240818\279C2980.WAV,,,,,
279C2981.wav,1224.3,1227.149,G01,8870.6,14348.2,34.0,Spectrogram 1,G:\F1\F1_20240818\279C2981.WAV,,,,,
B92C0088.wav,750.988,752.028,G01,5390.4,13050.5,3.0,Spectrogram 1,G:\F2\F2_20240420\B92C0088.WAV,,,,,
B92C0091.wav,1190.162,1190.821,G01,9390.0,15736.4,5.0,Spectrogram 1,G:\F2\F2_20240420\B92C0091.WAV,,,,,
B92C0091.wav,1559.016,1572.195,G01,8676.5,16091.0,5.0,Spectrogram 1,G:\F2\F2_20240420\B92C0091.WAV,,,,,
B92C0091.wav,1696.338,1697.49,G01,11155.5,15437.5,5.0,Spectrogram 1,G:\F2\F2_20240420\B92C0091.WAV,,,,,
B92C0091.wav,1704.472,1705.725,G01,11020.3,15414.9,5.0,Spectrogram 1,G:\F2\F2_20240420\B92C0091.WAV,,,,,
B92C0091.wav,1725.912,1726.578,G01,9355.4,15511.5,5.0,Spectrogram 1,G:\F2\F2_20240420\B92C0091.WAV,,,,,
B92C0091.wav,1758.046,1758.63,G01,9908.1,16060.2,5.0,Spectrogram 1,G:\F2\F2_20240420\B92C0091.WAV,,,,,
B92C0091.wav,1768.835,1780.545,G01,10434.4,15437.5,5.0,Spectrogram 1,G:\F2\F2_20240420\B92C0091.WAV,,,,,
B92C0092.wav,407.512,410.285,G01,8361.0,11719.0,11.0,Spectrogram 1,G:\F2\F2_20240420\B92C0092.WAV,,,,,
B92C0092.wav,615.144,636.107,G01,3155.1,13431.7,11.0,Spectrogram 1,G:\F2\F2_20240420\B92C0092.WAV,,,,,
B92C0092.wav,652.024,662.13,G01,4034.0,12552.8,11.0,Spectrogram 1,G:\F2\F2_20240420\B92C0092.WAV,,,,,
B92C0092.wav,708.172,709.078,G01,8482.8,10906.5,11.0,Spectrogram 1,G:\F2\F2_20240420\B92C0092.WAV,,,,,
B92C0092.wav,802.415,807.543,G01,3087.5,13769.8,11.0,Spectrogram 1,G:\F2\F2_20240420\B92C0092.WAV,,,,,
B92C0092.wav,1690.926,1691.694,G01,4214.3,10704.8,11.0,Spectrogram 1,G:\F2\F2_20240420\B92C0092.WAV,,,,,
B92C0096.wav,910.512,911.597,G01,4146.7,9127.3,20.0,Spectrogram 1,G:\F2\F2_20240420\B92C0096.WAV,,,,,
B92C0096.wav,1313.44,1314.175,G01,3650.9,11358.4,20.0,Spectrogram 1,G:\F2\F2_20240420\B92C0096.WAV,,,,,
B92C0096.wav,1325.14,1325.758,G01,3853.7,5296.1,20.0,Spectrogram 1,G:\F2\F2_20240420\B92C0096.WAV,,,,,
B92C0096.wav,1334.611,1334.928,G01,3876.3,4867.9,20.0,Spectrogram 1,G:\F2\F2_20240420\B92C0096.WAV,,,,,
B92C0096.wav,1465.802,1467.122,G01,5701.7,9938.6,20.0,Spectrogram 1,G:\F2\F2_20240420\B92C0096.WAV,,,,,
B92C0100.wav,384.009,387.469,G01,12636.3,14414.1,27.0,Spectrogram 1,G:\F2\F2_20240420\B92C0100.WAV,,,,,
B92C0100.wav,604.127,612.345,G01,4822.8,13747.2,27.0,Spectrogram 1,G:\F2\F2_20240420\B92C0100.WAV,,,,,
B92C0100.wav,1031.968,1035.242,G01,7662.4,13251.4,27.0,Spectrogram 1,G:\F2\F2_20240420\B92C0100.WAV,,,,,
B92C0104.wav,831.497,848.218,G01,2028.3,6896.2,31.0,Spectrogram 1,G:\F2\F2_20240420\B92C0104.WAV,,,,,
B92C0105.wav,122.864,123.755,G01,3184.4,10785.7,33.0,Spectrogram 1,G:\F2\F2_20240420\B92C0105.WAV,,,,,
B92C0105.wav,273.676,286.488,G01,5927.1,13454.3,33.0,Spectrogram 1,G:\F2\F2_20240420\B92C0105.WAV,,,,,
B92C0105.wav,296.651,315.559,G01,5656.6,12800.7,33.0,Spectrogram 1,G:\F2\F2_20240420\B92C0105.WAV,,,,,
B92C0105.wav,358.478,359.841,G01,8474.5,15100.0,33.0,Spectrogram 1,G:\F2\F2_20240420\B92C0105.WAV,,,,,
B92C0105.wav,504.96,506.113,G01,6129.9,9352.6,33.0,Spectrogram 1,G:\F2\F2_20240420\B92C0105.WAV,,,,,
B92C0105.wav,523.575,524.437,G01,10760.0,12968.5,33.0,Spectrogram 1,G:\F2\F2_20240420\B92C0105.WAV,,,,,
B92C0105.wav,529.037,533.029,G01,11020.3,14333.2,33.0,Spectrogram 1,G:\F2\F2_20240420\B92C0105.WAV,,,,,
B92C0105.wav,573.249,575.504,G01,5994.7,8586.4,33.0,Spectrogram 1,G:\F2\F2_20240420\B92C0105.WAV,,,,,
B92C0105.wav,1279.976,1280.845,G01,5752.4,10837.1,33.0,Spectrogram 1,G:\F2\F2_20240420\B92C0105.WAV,,,,,
B92C0756.wav,1285.384,1286.496,G01,3024.0,10020.0,11.0,Spectrogram 1,G:\F2\F2_20240518\B92C0756.WAV,,,,,
B92C0763.wav,655.867,679.278,G01,4581.4,14142.0,133.0,Spectrogram 1,G:\F2\F2_20240518\B92C0763.WAV,,,,,
B92C0763.wav,1058.002,1061.498,G01,3492.4,8235.1,133.0,Spectrogram 1,G:\F2\F2_20240518\B92C0763.WAV,,,,,
B92C0763.wav,1421.365,1422.593,G01,5371.1,7582.7,133.0,Spectrogram 1,G:\F2\F2_20240518\B92C0763.WAV,,,,,
B92C0763.wav,1552.27,1553.067,G01,7888.6,8920.2,133.0,Spectrogram 1,G:\F2\F2_20240518\B92C0763.WAV,,,,,
B92C0765.wav,278.236,279.317,G01,6409.2,7718.1,170.0,Spectrogram 1,G:\F2\F2_20240518\B92C0765.WAV,,,,,
B92C0776.wav,1462.195,1463.71,G01,4537.1,5734.4,338.0,Spectrogram 1,G:\F2\F2_20240518\B92C0776.WAV,,,,,
B92C0777.wav,685.795,687.151,G01,5732.1,14628.6,340.0,Spectrogram 1,G:\F2\F2_20240518\B92C0777.WAV,,,,,
B92C1148.wav,365.781,366.507,G01,6536.4,12513.8,157.0,Spectrogram 1,G:\F2\F2_20240603\B92C1148.WAV,,,,,
B92C1149.wav,194.936,195.973,G01,5313.7,10073.9,182.0,Spectrogram 1,G:\F2\F2_20240603\B92C1149.WAV,,,,,
B92C1149.wav,268.827,269.735,G01,11288.2,15868.0,182.0,Spectrogram 1,G:\F2\F2_20240603\B92C1149.WAV,,,,,
B92C1149.wav,271.005,272.185,G01,12320.3,15674.5,182.0,Spectrogram 1,G:\F2\F2_20240603\B92C1149.WAV,,,,,
B92C1149.wav,287.651,287.973,G01,8085.9,14676.9,182.0,Spectrogram 1,G:\F2\F2_20240603\B92C1149.WAV,,,,,
B92C1149.wav,288.277,288.742,G01,12366.6,15288.4,182.0,Spectrogram 1,G:\F2\F2_20240603\B92C1149.WAV,,,,,
B92C1149.wav,289.989,290.62,G01,8357.7,15084.6,182.0,Spectrogram 1,G:\F2\F2_20240603\B92C1149.WAV,,,,,
B92C1149.wav,996.028,998.603,G01,4985.4,11112.9,182.0,Spectrogram 1,G:\F2\F2_20240603\B92C1149.WAV,,,,,
B92C1149.wav,1321.876,1322.86,G01,5950.0,10490.9,182.0,Spectrogram 1,G:\F2\F2_20240603\B92C1149.WAV,,,,,
B92C1160.wav,831.992,833.581,G01,4816.3,13846.8,712.0,Spectrogram 1,G:\F2\F2_20240603\B92C1160.WAV,,,,,
B92C1160.wav,1209.443,1211.35,G01,7912.5,11137.7,712.0,Spectrogram 1,G:\F2\F2_20240603\B92C1160.WAV,,,,,
B92C1161.wav,3.788,20.332,G01,4085.2,15509.3,730.0,Spectrogram 1,G:\F2\F2_20240603\B92C1161.WAV,,,,,
B92C1161.wav,479.758,480.885,G01,4257.3,11137.7,730.0,Spectrogram 1,G:\F2\F2_20240603\B92C1161.WAV,,,,,
B92C1525.wav,1513.1,1515.663,G01,7309.8,9987.9,8.0,Spectrogram 1,G:\F2\F2_20240619\B92C1525.WAV,,,,,
B92C1525.wav,1525.021,1527.904,G01,7026.2,9987.9,8.0,Spectrogram 1,G:\F2\F2_20240619\B92C1525.WAV,,,,,
B92C1525.wav,1550.419,1564.364,G01,6522.1,9830.4,8.0,Spectrogram 1,G:\F2\F2_20240619\B92C1525.WAV,,,,,
B92C1525.wav,1566.17,1568.525,G01,6994.7,9672.9,8.0,Spectrogram 1,G:\F2\F2_20240619\B92C1525.WAV,,,,,
B92C1526.wav,4.294,41.677,G01,7561.8,16321.0,14.0,Spectrogram 1,G:\F2\F2_20240619\B92C1526.WAV,,,,,
B92C1537.wav,413.586,415.47,G01,7593.4,12760.6,33.0,Spectrogram 1,G:\F2\F2_20240619\B92C1537.WAV,,,,,
B92C2228.wav,1037.039,1038.297,G01,8790.6,13453.8,24.0,Spectrogram 1,G:\F2\F2_20240718\B92C2228.WAV,,,,,
B92C2229.wav,29.198,29.911,G01,5987.7,8784.2,27.0,Spectrogram 1,G:\F2\F2_20240718\B92C2229.WAV,,,,,
B92C2231.wav,1033.692,1040.647,G01,5230.3,7971.4,40.0,Spectrogram 1,G:\F2\F2_20240718\B92C2231.WAV,,,,,
B92C2231.wav,1131.044,1140.081,G01,4631.6,5828.9,40.0,Spectrogram 1,G:\F2\F2_20240718\B92C2231.WAV,,,,,
B92C2231.wav,1154.62,1166.722,G01,4852.2,8318.0,40.0,Spectrogram 1,G:\F2\F2_20240718\B92C2231.WAV,,,,,
B92C2231.wav,1173.571,1217.657,G01,4411.1,7120.7,40.0,Spectrogram 1,G:\F2\F2_20240718\B92C2231.WAV,,,,,
B92C2231.wav,1222.227,1262.659,G01,4852.2,8097.5,40.0,Spectrogram 1,G:\F2\F2_20240718\B92C2231.WAV,,,,,
B92C2231.wav,1290.333,1293.083,G01,5986.5,9200.2,40.0,Spectrogram 1,G:\F2\F2_20240718\B92C2231.WAV,,,,,
B92C2231.wav,1315.127,1330.765,G01,5923.4,8192.0,40.0,Spectrogram 1,G:\F2\F2_20240718\B92C2231.WAV,,,,,
B92C2231.wav,1340.404,1342.604,G01,4474.1,8255.0,40.0,Spectrogram 1,G:\F2\F2_20240718\B92C2231.WAV,,,,,
B92C2231.wav,1386.545,1432.832,G01,4600.1,8097.5,40.0,Spectrogram 1,G:\F2\F2_20240718\B92C2231.WAV,,,,,
B92C2231.wav,1523.74,1537.413,G01,4757.7,9137.2,40.0,Spectrogram 1,G:\F2\F2_20240718\B92C2231.WAV,,,,,
B92C2231.wav,1554.125,1556.089,G01,4614.8,5605.9,40.0,Spectrogram 1,G:\F2\F2_20240718\B92C2231.WAV,,,,,
B92C2231.wav,1638.966,1639.622,G01,6195.6,6952.9,40.0,Spectrogram 1,G:\F2\F2_20240718\B92C2231.WAV,,,,,
B92C2231.wav,1644.264,1644.919,G01,6264.5,6952.9,40.0,Spectrogram 1,G:\F2\F2_20240718\B92C2231.WAV,,,,,
B92C2231.wav,1728.463,1730.427,G01,2168.0,9384.4,40.0,Spectrogram 1,G:\F2\F2_20240718\B92C2231.WAV,,,,,
B92C2232.wav,114.18,115.869,G01,5141.3,6039.5,68.0,Spectrogram 1,G:\F2\F2_20240718\B92C2232.WAV,,,,,
B92C2232.wav,376.074,377.37,G01,6225.3,7340.3,68.0,Spectrogram 1,G:\F2\F2_20240718\B92C2232.WAV,,,,,
B92C2232.wav,1276.588,1306.805,G01,5203.2,6225.3,68.0,Spectrogram 1,G:\F2\F2_20240718\B92C2232.WAV,,,,,
B92C2233.wav,76.192,77.646,G01,3406.9,3995.3,81.0,Spectrogram 1,G:\F2\F2_20240718\B92C2233.WAV,,,,,
B92C2233.wav,185.724,219.606,G01,3314.0,4428.9,81.0,Spectrogram 1,G:\F2\F2_20240718\B92C2233.WAV,,,,,
B92C2233.wav,251.725,257.127,G01,3046.2,4164.8,81.0,Spectrogram 1,G:\F2\F2_20240718\B92C2233.WAV,,,,,
B92C2606.wav,661.623,662.661,G01,6155.8,10559.6,36.0,Spectrogram 1,G:\F2\F2_20240803\B92C2606.WAV,,,,,
B92C2611.wav,711.201,714.612,G01,3646.2,6818.8,195.0,Spectrogram 1,G:\F2\F2_20240803\B92C2611.WAV,,,,,
B92C2611.wav,717.663,718.341,G01,4451.1,16289.3,195.0,Spectrogram 1,G:\F2\F2_20240803\B92C2611.WAV,,,,,
B92C2611.wav,809.074,816.595,G01,10086.1,14726.7,195.0,Spectrogram 1,G:\F2\F2_20240803\B92C2611.WAV,,,,,
B92C2613.wav,1067.104,1068.799,G01,5445.5,14016.4,241.0,Spectrogram 1,G:\F2\F2_20240803\B92C2613.WAV,,,,,
B92C2614.wav,1695.397,1701.901,G01,5208.8,9281.1,263.0,Spectrogram 1,G:\F2\F2_20240803\B92C2614.WAV,,,,,
B92C2967.wav,812.522,814.259,G01,8095.1,12651.6,30.0,Spectrogram 1,G:\F2\F2_20240818\B92C2967.WAV,,,,,
B92C2968.wav,363.731,365.108,G01,5950.5,12203.5,36.0,Spectrogram 1,G:\F2\F2_20240818\B92C2968.WAV,,,,,
B92C2971.wav,680.49,682.948,G01,4895.8,9840.1,54.0,Spectrogram 1,G:\F2\F2_20240818\B92C2971.WAV,,,,,
B92C2971.wav,920.998,960.357,G01,5768.3,12215.3,54.0,Spectrogram 1,G:\F2\F2_20240818\B92C2971.WAV,,,,,
B92C2971.wav,980.761,982.965,G01,7174.1,13572.5,54.0,Spectrogram 1,G:\F2\F2_20240818\B92C2971.WAV,,,,,
B92C2971.wav,1208.626,1211.168,G01,5138.2,12409.2,54.0,Spectrogram 1,G:\F2\F2_20240818\B92C2971.WAV,,,,,
B92C2974.wav,1085.636,1117.543,G01,7271.0,10227.9,71.0,Spectrogram 1,G:\F2\F2_20240818\B92C2974.WAV,,,,,
B92C2975.wav,1600.959,1645.662,G01,4120.2,16335.5,85.0,Spectrogram 1,G:\F2\F2_20240818\B92C2975.WAV,,,,,
B92C2975.wav,1741.247,1761.476,G01,3635.5,9791.6,85.0,Spectrogram 1,G:\F2\F2_20240818\B92C2975.WAV,,,,,
B92C2977.wav,250.291,252.384,G01,4071.8,6059.2,103.0,Spectrogram 1,G:\F2\F2_20240818\B92C2977.WAV,,,,,
B92C2978.wav,523.088,525.378,G01,8288.9,9937.0,114.0,Spectrogram 1,G:\F2\F2_20240818\B92C2978.WAV,,,,,
B92C2978.wav,1756.889,1794.44,G01,3635.5,9937.0,128.0,Spectrogram 1,G:\F2\F2_20240818\B92C2978.WAV,,,,,
B92C2979.wav,155.411,159.908,G01,7610.3,15560.0,134.0,Spectrogram 1,G:\F2\F2_20240818\B92C2979.WAV,,,,,
B92C2979.wav,187.843,195.248,G01,8201.8,15258.3,134.0,Spectrogram 1,G:\F2\F2_20240818\B92C2979.WAV,,,,,
B92C2979.wav,295.063,302.37,G01,5766.4,14919.5,134.0,Spectrogram 1,G:\F2\F2_20240818\B92C2979.WAV,,,,,
B92C2979.wav,799.469,802.956,G01,7416.4,12651.6,134.0,Spectrogram 1,G:\F2\F2_20240818\B92C2979.WAV,,,,,
B92C2979.wav,1042.322,1044.609,G01,2423.7,12118.3,134.0,Spectrogram 1,G:\F2\F2_20240818\B92C2979.WAV,,,,,
B92C2979.wav,1137.589,1141.81,G01,7804.2,15947.7,134.0,Spectrogram 1,G:\F2\F2_20240818\B92C2979.WAV,,,,,
,2044.234901048361,2052.087483509643,Nothing,,,,,G:\F3\AuralF3_20240419\26D00033.WAV,-1.0,G:\F3\AuralF3_20240419\26D00033.WAV,7.852582461281652,78.0,bg_0
,2011.5578560471367,2018.6828523232007,Nothing,,,,,G:\F3\AuralF3_20240419\26D00033.WAV,-1.0,G:\F3\AuralF3_20240419\26D00033.WAV,7.124996276063957,71.0,bg_1
,2303.5021839705055,2313.2705963110548,Nothing,,,,,G:\F3\AuralF3_20240419\26D00033.WAV,-1.0,G:\F3\AuralF3_20240419\26D00033.WAV,9.768412340549181,97.0,bg_2
,2201.9017532574358,2203.6188327678533,Nothing,,,,,G:\F3\AuralF3_20240419\26D00033.WAV,-1.0,G:\F3\AuralF3_20240419\26D00033.WAV,1.717079510417686,17.0,bg_3
,1829.3145148400197,1833.337096070229,Nothing,,,,,G:\F3\AuralF3_20240419\26D00033.WAV,-1.0,G:\F3\AuralF3_20240419\26D00033.WAV,4.022581230209521,40.0,bg_4
,1074.8634576050752,1083.179692931148,Nothing,,,,,G:\F3\AuralF3_20240603\26D00573.WAV,-1.0,G:\F3\AuralF3_20240603\26D00573.WAV,8.316235326072885,83.0,bg_5
,1.2745092363886166,3.933277093343997,Nothing,,,,,G:\F3\AuralF3_20240603\26D00573.WAV,-1.0,G:\F3\AuralF3_20240603\26D00573.WAV,2.6587678569553805,26.0,bg_6
,1520.2318595561262,1528.5943556900556,Nothing,,,,,G:\F3\AuralF3_20240603\26D00573.WAV,-1.0,G:\F3\AuralF3_20240603\26D00573.WAV,8.362496133929529,83.0,bg_7
,2323.0068034239125,2330.7086369547237,Nothing,,,,,G:\F3\AuralF3_20240603\26D00573.WAV,-1.0,G:\F3\AuralF3_20240603\26D00573.WAV,7.701833530811052,77.0,bg_8
,10.621314743852837,19.605965396413715,Nothing,,,,,G:\F3\AuralF3_20240603\26D00573.WAV,-1.0,G:\F3\AuralF3_20240603\26D00573.WAV,8.984650652560878,89.0,bg_9
,384.0503103664494,386.3993780910431,Nothing,,,,,G:\F3\F3a_20250103\26D01286.WAV,-1.0,G:\F3\F3a_20250103\26D01286.WAV,2.349067724593692,23.0,bg_10
,1215.4682731321795,1217.4340233068212,Nothing,,,,,G:\F3\F3a_20250103\26D01286.WAV,-1.0,G:\F3\F3a_20250103\26D01286.WAV,1.9657501746417043,19.0,bg_11
,749.0361763551189,756.6114168362432,Nothing,,,,,G:\F3\F3a_20250103\26D01286.WAV,-1.0,G:\F3\F3a_20250103\26D01286.WAV,7.575240481124263,75.0,bg_12
,1708.4461128358028,1712.465480043134,Nothing,,,,,G:\F3\F3a_20250103\26D01286.WAV,-1.0,G:\F3\F3a_20250103\26D01286.WAV,4.019367207331254,40.0,bg_13
,945.6380007019407,947.9379786132414,Nothing,,,,,G:\F3\F3a_20250103\26D01286.WAV,-1.0,G:\F3\F3a_20250103\26D01286.WAV,2.299977911300714,22.0,bg_14
,320.2463505517533,322.90198936773675,Nothing,,,,,G:\F3\F3a_20250403\26D01636.WAV,-1.0,G:\F3\F3a_20250403\26D01636.WAV,2.6556388159833992,26.0,bg_15
,333.40675879434986,338.059702023637,Nothing,,,,,G:\F3\F3a_20250403\26D01636.WAV,-1.0,G:\F3\F3a_20250403\26D01636.WAV,4.652943229287142,46.0,bg_16
,1768.8446694694808,1772.3121525626102,Nothing,,,,,G:\F3\F3a_20250403\26D01636.WAV,-1.0,G:\F3\F3a_20250403\26D01636.WAV,3.46748309312939,34.0,bg_17
,1677.5349266946832,1685.680188090903,Nothing,,,,,G:\F3\F3a_20250403\26D01636.WAV,-1.0,G:\F3\F3a_20250403\26D01636.WAV,8.145261396219617,81.0,bg_18
,512.0040291905425,518.9877364783048,Nothing,,,,,G:\F3\F3a_20250403\26D01636.WAV,-1.0,G:\F3\F3a_20250403\26D01636.WAV,6.983707287762267,69.0,bg_19
,1776.278037320465,1778.6771652439786,Nothing,,,,,G:\F3\F3a_20250118\26D01640.WAV,-1.0,G:\F3\F3a_20250118\26D01640.WAV,2.3991279235135288,23.0,bg_20
,1191.5397417658817,1198.355824903506,Nothing,,,,,G:\F3\F3a_20250118\26D01640.WAV,-1.0,G:\F3\F3a_20250118\26D01640.WAV,6.816083137624306,68.0,bg_21
,1751.24982071468,1759.1667465093888,Nothing,,,,,G:\F3\F3a_20250118\26D01640.WAV,-1.0,G:\F3\F3a_20250118\26D01640.WAV,7.916925794708695,79.0,bg_22
,194.09628350594832,195.92435498816107,Nothing,,,,,G:\F3\F3a_20250118\26D01640.WAV,-1.0,G:\F3\F3a_20250118\26D01640.WAV,1.8280714822127457,18.0,bg_23
,1751.5206624233617,1758.3704905603713,Nothing,,,,,G:\F3\F3a_20250118\26D01640.WAV,-1.0,G:\F3\F3a_20250118\26D01640.WAV,6.849828137009481,68.0,bg_24
,431.4622008714605,439.22969001691274,Nothing,,,,,G:\F3\F3a_20250118\26D01643.WAV,-1.0,G:\F3\F3a_20250118\26D01643.WAV,7.7674891454522434,77.0,bg_25
,118.97640137615514,124.7354056824061,Nothing,,,,,G:\F3\F3a_20250118\26D01643.WAV,-1.0,G:\F3\F3a_20250118\26D01643.WAV,5.759004306250961,57.0,bg_26
,434.4494728317377,435.24224226013314,Nothing,,,,,G:\F3\F3a_20250118\26D01643.WAV,-1.0,G:\F3\F3a_20250118\26D01643.WAV,0.7927694283954243,7.0,bg_27
,408.9998820467886,411.53843643857414,Nothing,,,,,G:\F3\F3a_20250118\26D01643.WAV,-1.0,G:\F3\F3a_20250118\26D01643.WAV,2.5385543917855276,25.0,bg_28
,416.1910132112552,418.91343832697595,Nothing,,,,,G:\F3\F3a_20250118\26D01643.WAV,-1.0,G:\F3\F3a_20250118\26D01643.WAV,2.7224251157207373,27.0,bg_29
,1758.2158042228964,1761.3889511971054,Nothing,,,,,G:\F3\F3a_20250118\26D01646.WAV,-1.0,G:\F3\F3a_20250118\26D01646.WAV,3.1731469742089673,31.0,bg_30
,1727.9273022507425,1733.7191076979846,Nothing,,,,,G:\F3\F3a_20250118\26D01646.WAV,-1.0,G:\F3\F3a_20250118\26D01646.WAV,5.791805447242144,57.0,bg_31
,148.9656183558216,157.1988120101489,Nothing,,,,,G:\F3\F3a_20250118\26D01646.WAV,-1.0,G:\F3\F3a_20250118\26D01646.WAV,8.23319365432733,82.0,bg_32
,829.3115678362656,836.6739816669318,Nothing,,,,,G:\F3\F3a_20250118\26D01646.WAV,-1.0,G:\F3\F3a_20250118\26D01646.WAV,7.362413830666278,73.0,bg_33
,1670.598270499313,1672.545235475088,Nothing,,,,,G:\F3\F3a_20250118\26D01646.WAV,-1.0,G:\F3\F3a_20250118\26D01646.WAV,1.9469649757751,19.0,bg_34
,1217.6408075206468,1221.7605091685634,Nothing,,,,,G:\F3\F3a_20250118\26D01649.WAV,-1.0,G:\F3\F3a_20250118\26D01649.WAV,4.1197016479165836,41.0,bg_35
,1040.3718347418796,1046.859519376509,Nothing,,,,,G:\F3\F3a_20250118\26D01649.WAV,-1.0,G:\F3\F3a_20250118\26D01649.WAV,6.48768463462944,64.0,bg_36
,929.0872812779892,930.708337348134,Nothing,,,,,G:\F3\F3a_20250118\26D01649.WAV,-1.0,G:\F3\F3a_20250118\26D01649.WAV,1.6210560701448955,16.0,bg_37
,254.80431632532918,263.93583288705145,Nothing,,,,,G:\F3\F3a_20250118\26D01649.WAV,-1.0,G:\F3\F3a_20250118\26D01649.WAV,9.131516561722266,91.0,bg_38
,1608.4065707983168,1618.11374638312,Nothing,,,,,G:\F3\F3a_20250118\26D01649.WAV,-1.0,G:\F3\F3a_20250118\26D01649.WAV,9.707175584803377,97.0,bg_39
,1447.329103101934,1454.6395598989443,Nothing,,,,,G:\F3\AuralF3_20240901\26D01659.WAV,-1.0,G:\F3\AuralF3_20240901\26D01659.WAV,7.310456797010458,73.0,bg_40
,982.9514172992854,984.3671314397436,Nothing,,,,,G:\F3\AuralF3_20240901\26D01659.WAV,-1.0,G:\F3\AuralF3_20240901\26D01659.WAV,1.4157141404582432,14.0,bg_41
,1491.8865591555855,1496.7164339090048,Nothing,,,,,G:\F3\AuralF3_20240901\26D01659.WAV,-1.0,G:\F3\AuralF3_20240901\26D01659.WAV,4.829874753419305,48.0,bg_42
,191.69813574909165,197.70072165403965,Nothing,,,,,G:\F3\AuralF3_20240901\26D01659.WAV,-1.0,G:\F3\AuralF3_20240901\26D01659.WAV,6.0025859049480115,60.0,bg_43
,778.3129855674267,786.9508212663043,Nothing,,,,,G:\F3\AuralF3_20240901\26D01659.WAV,-1.0,G:\F3\AuralF3_20240901\26D01659.WAV,8.637835698877566,86.0,bg_44
,1162.252480436845,1166.8573643147085,Nothing,,,,,G:\F3\F3a_20250418\26D02000.WAV,-1.0,G:\F3\F3a_20250418\26D02000.WAV,4.604883877863485,46.0,bg_45
,7.608354741979883,13.65728544665087,Nothing,,,,,G:\F3\F3a_20250418\26D02000.WAV,-1.0,G:\F3\F3a_20250418\26D02000.WAV,6.048930704670988,60.0,bg_46
,167.17137305179006,171.62154337241085,Nothing,,,,,G:\F3\F3a_20250418\26D02000.WAV,-1.0,G:\F3\F3a_20250418\26D02000.WAV,4.450170320620792,44.0,bg_47
,13.145210203303066,18.338122986125995,Nothing,,,,,G:\F3\F3a_20250418\26D02000.WAV,-1.0,G:\F3\F3a_20250418\26D02000.WAV,5.19291278282293,51.0,bg_48
,55.62976820872617,57.11209640209041,Nothing,,,,,G:\F3\F3a_20250418\26D02000.WAV,-1.0,G:\F3\F3a_20250418\26D02000.WAV,1.4823281933642405,14.0,bg_49
,974.1579297573943,976.2785629584947,Nothing,,,,,G:\F3\F3a_20250418\26D02019.WAV,-1.0,G:\F3\F3a_20250418\26D02019.WAV,2.120633201100418,21.0,bg_50
,1749.7619234184576,1753.5571865615386,Nothing,,,,,G:\F3\F3a_20250418\26D02019.WAV,-1.0,G:\F3\F3a_20250418\26D02019.WAV,3.7952631430809523,37.0,bg_51
,809.2662757965652,809.9829125713474,Nothing,,,,,G:\F3\F3a_20250418\26D02019.WAV,-1.0,G:\F3\F3a_20250418\26D02019.WAV,0.7166367747821263,7.0,bg_52
,1691.6577355169898,1699.5937201758675,Nothing,,,,,G:\F3\F3a_20250418\26D02019.WAV,-1.0,G:\F3\F3a_20250418\26D02019.WAV,7.935984658877719,79.0,bg_53
,1787.9472606472382,1793.0705147902006,Nothing,,,,,G:\F3\F3a_20250418\26D02019.WAV,-1.0,G:\F3\F3a_20250418\26D02019.WAV,5.123254142962523,51.0,bg_54
,167.0151396958362,172.94655619340892,Nothing,,,,,G:\F1\F1_20240421\279C0115.WAV,-1.0,G:\F1\F1_20240421\279C0115.WAV,5.931416497572716,59.0,bg_55
,1123.8716622305017,1126.9079310298746,Nothing,,,,,G:\F1\F1_20240421\279C0115.WAV,-1.0,G:\F1\F1_20240421\279C0115.WAV,3.036268799372989,30.0,bg_56
,7.650553977623867,12.32021285052181,Nothing,,,,,G:\F1\F1_20240421\279C0115.WAV,-1.0,G:\F1\F1_20240421\279C0115.WAV,4.669658872897943,46.0,bg_57
,49.13125116075434,57.481024440600734,Nothing,,,,,G:\F1\F1_20240421\279C0115.WAV,-1.0,G:\F1\F1_20240421\279C0115.WAV,8.3497732798464,83.0,bg_58
,544.8449514637302,550.6082948273512,Nothing,,,,,G:\F1\F1_20240421\279C0115.WAV,-1.0,G:\F1\F1_20240421\279C0115.WAV,5.76334336362097,57.0,bg_59
,461.354310378847,468.2405912627252,Nothing,,,,,G:\F2\F2a_20250203\279C0246.WAV,-1.0,G:\F2\F2a_20250203\279C0246.WAV,6.886280883878211,68.0,bg_60
,537.3718776680662,544.7783265037916,Nothing,,,,,G:\F2\F2a_20250203\279C0246.WAV,-1.0,G:\F2\F2a_20250203\279C0246.WAV,7.406448835725385,74.0,bg_61
,990.0040186556612,991.5275576422422,Nothing,,,,,G:\F2\F2a_20250203\279C0246.WAV,-1.0,G:\F2\F2a_20250203\279C0246.WAV,1.5235389865810174,15.0,bg_62
,1331.3513537541003,1332.206773037774,Nothing,,,,,G:\F2\F2a_20250203\279C0246.WAV,-1.0,G:\F2\F2a_20250203\279C0246.WAV,0.8554192836737079,8.0,bg_63
,567.7936187282822,571.8173804249755,Nothing,,,,,G:\F2\F2a_20250203\279C0246.WAV,-1.0,G:\F2\F2a_20250203\279C0246.WAV,4.0237616966931675,40.0,bg_64
,1751.5195945566586,1755.0324140384744,Nothing,,,,,G:\F2\F2a_20250203\279C0252.WAV,-1.0,G:\F2\F2a_20250203\279C0252.WAV,3.5128194818157956,35.0,bg_65
,1085.4006296605776,1088.6643491229088,Nothing,,,,,G:\F2\F2a_20250203\279C0252.WAV,-1.0,G:\F2\F2a_20250203\279C0252.WAV,3.2637194623311268,32.0,bg_66
,997.0428233526641,1006.4352372681292,Nothing,,,,,G:\F2\F2a_20250203\279C0252.WAV,-1.0,G:\F2\F2a_20250203\279C0252.WAV,9.392413915465152,93.0,bg_67
,828.3312678935489,829.257918777776,Nothing,,,,,G:\F2\F2a_20250203\279C0252.WAV,-1.0,G:\F2\F2a_20250203\279C0252.WAV,0.9266508842271254,9.0,bg_68
,618.8376172782105,627.8085513076321,Nothing,,,,,G:\F2\F2a_20250203\279C0252.WAV,-1.0,G:\F2\F2a_20250203\279C0252.WAV,8.970934029421683,89.0,bg_69
,569.7347426127455,578.6972712760916,Nothing,,,,,G:\F2\F2a_20250203\279C0263.WAV,-1.0,G:\F2\F2a_20250203\279C0263.WAV,8.962528663345987,89.0,bg_70
,1679.4771503459012,1682.9784763382938,Nothing,,,,,G:\F2\F2a_20250203\279C0263.WAV,-1.0,G:\F2\F2a_20250203\279C0263.WAV,3.5013259923925335,35.0,bg_71
,1127.8618002131666,1134.6475822132604,Nothing,,,,,G:\F2\F2a_20250203\279C0263.WAV,-1.0,G:\F2\F2a_20250203\279C0263.WAV,6.785782000093731,67.0,bg_72
,1154.0788760761593,1161.673377383975,Nothing,,,,,G:\F2\F2a_20250203\279C0263.WAV,-1.0,G:\F2\F2a_20250203\279C0263.WAV,7.594501307815747,75.0,bg_73
,1345.3476300642947,1354.7473549943657,Nothing,,,,,G:\F2\F2a_20250203\279C0263.WAV,-1.0,G:\F2\F2a_20250203\279C0263.WAV,9.399724930070903,93.0,bg_74
,96.3286822338605,104.72425261904712,Nothing,,,,,G:\F2\F2a_20250203\279C0265.WAV,-1.0,G:\F2\F2a_20250203\279C0265.WAV,8.395570385186609,83.0,bg_75
,897.7428650613977,899.9459139888962,Nothing,,,,,G:\F2\F2a_20250203\279C0265.WAV,-1.0,G:\F2\F2a_20250203\279C0265.WAV,2.2030489274985214,22.0,bg_76
,1139.8763524554856,1142.2424817797742,Nothing,,,,,G:\F2\F2a_20250203\279C0265.WAV,-1.0,G:\F2\F2a_20250203\279C0265.WAV,2.366129324288446,23.0,bg_77
,784.8173746664918,792.702720629783,Nothing,,,,,G:\F2\F2a_20250203\279C0265.WAV,-1.0,G:\F2\F2a_20250203\279C0265.WAV,7.885345963291186,78.0,bg_78
,1643.3641605349883,1645.2311868092252,Nothing,,,,,G:\F2\F2a_20250203\279C0265.WAV,-1.0,G:\F2\F2a_20250203\279C0265.WAV,1.8670262742368824,18.0,bg_79
,69.45748483002261,72.13921711501173,Nothing,,,,,G:\F2\F2a_20250203\279C0268.WAV,-1.0,G:\F2\F2a_20250203\279C0268.WAV,2.681732284989125,26.0,bg_80
,52.41557386667614,54.072982660647185,Nothing,,,,,G:\F2\F2a_20250203\279C0268.WAV,-1.0,G:\F2\F2a_20250203\279C0268.WAV,1.6574087939710456,16.0,bg_81
,1664.5606536578232,1671.6561467964307,Nothing,,,,,G:\F2\F2a_20250203\279C0268.WAV,-1.0,G:\F2\F2a_20250203\279C0268.WAV,7.095493138607422,70.0,bg_82
,1152.9453210227382,1161.0845040214697,Nothing,,,,,G:\F2\F2a_20250203\279C0268.WAV,-1.0,G:\F2\F2a_20250203\279C0268.WAV,8.139182998731496,81.0,bg_83
,1652.310123253703,1659.8304712909007,Nothing,,,,,G:\F2\F2a_20250203\279C0268.WAV,-1.0,G:\F2\F2a_20250203\279C0268.WAV,7.520348037197647,75.0,bg_84
,237.01710393911432,246.32894817367614,Nothing,,,,,G:\F2\F2a_20250211\279C0439.WAV,-1.0,G:\F2\F2a_20250211\279C0439.WAV,9.311844234561823,93.0,bg_85
,384.52232819790623,387.88134076982516,Nothing,,,,,G:\F2\F2a_20250211\279C0439.WAV,-1.0,G:\F2\F2a_20250211\279C0439.WAV,3.3590125719189277,33.0,bg_86
,1174.653603633315,1184.2320245752612,Nothing,,,,,G:\F2\F2a_20250211\279C0439.WAV,-1.0,G:\F2\F2a_20250211\279C0439.WAV,9.578420941946215,95.0,bg_87
,1201.5186625376784,1210.8043426161428,Nothing,,,,,G:\F2\F2a_20250211\279C0439.WAV,-1.0,G:\F2\F2a_20250211\279C0439.WAV,9.285680078464258,92.0,bg_88
,0.7731819830636394,7.295945544033948,Nothing,,,,,G:\F2\F2a_20250211\279C0439.WAV,-1.0,G:\F2\F2a_20250211\279C0439.WAV,6.522763560970309,65.0,bg_89
,1735.7900904828912,1737.6233166549982,Nothing,,,,,G:\F2\F2a_20250211\279C0440.WAV,-1.0,G:\F2\F2a_20250211\279C0440.WAV,1.83322617210717,18.0,bg_90
,146.15929244761097,152.3216967033375,Nothing,,,,,G:\F2\F2a_20250211\279C0440.WAV,-1.0,G:\F2\F2a_20250211\279C0440.WAV,6.162404255726542,61.0,bg_91
,222.41018213053064,227.3503073453059,Nothing,,,,,G:\F2\F2a_20250211\279C0440.WAV,-1.0,G:\F2\F2a_20250211\279C0440.WAV,4.94012521477527,49.0,bg_92
,148.47422054031898,150.01108850959346,Nothing,,,,,G:\F2\F2a_20250211\279C0440.WAV,-1.0,G:\F2\F2a_20250211\279C0440.WAV,1.536867969274482,15.0,bg_93
,1160.473129972934,1163.183217021615,Nothing,,,,,G:\F2\F2a_20250211\279C0440.WAV,-1.0,G:\F2\F2a_20250211\279C0440.WAV,2.71008704868112,27.0,bg_94
,1124.348591415911,1133.092111476783,Nothing,,,,,G:\F2\F2a_20250211\279C0441.WAV,-1.0,G:\F2\F2a_20250211\279C0441.WAV,8.743520060872106,87.0,bg_95
,45.12287572528756,49.54230563338752,Nothing,,,,,G:\F2\F2a_20250211\279C0441.WAV,-1.0,G:\F2\F2a_20250211\279C0441.WAV,4.419429908099963,44.0,bg_96
,89.9393946574862,96.63273940049596,Nothing,,,,,G:\F2\F2a_20250211\279C0441.WAV,-1.0,G:\F2\F2a_20250211\279C0441.WAV,6.693344743009755,66.0,bg_97
,509.4831265988437,514.2951469785685,Nothing,,,,,G:\F2\F2a_20250211\279C0441.WAV,-1.0,G:\F2\F2a_20250211\279C0441.WAV,4.8120203797248475,48.0,bg_98
,83.93009300215624,91.51722866446899,Nothing,,,,,G:\F2\F2a_20250211\279C0441.WAV,-1.0,G:\F2\F2a_20250211\279C0441.WAV,7.587135662312741,75.0,bg_99
,1633.9617521853388,1635.461893943953,Nothing,,,,,G:\F2\F2a_20250211\279C0443.WAV,-1.0,G:\F2\F2a_20250211\279C0443.WAV,1.5001417586141872,15.0,bg_100
,1083.4234888964825,1085.312134716313,Nothing,,,,,G:\F2\F2a_20250211\279C0443.WAV,-1.0,G:\F2\F2a_20250211\279C0443.WAV,1.8886458198306337,18.0,bg_101
,1764.6876044056414,1768.1357838079202,Nothing,,,,,G:\F2\F2a_20250211\279C0443.WAV,-1.0,G:\F2\F2a_20250211\279C0443.WAV,3.448179402278707,34.0,bg_102
,374.00586541348474,376.0784167794699,Nothing,,,,,G:\F2\F2a_20250211\279C0443.WAV,-1.0,G:\F2\F2a_20250211\279C0443.WAV,2.0725513659851424,20.0,bg_103
,1317.9646955368332,1319.9240227911578,Nothing,,,,,G:\F2\F2a_20250211\279C0443.WAV,-1.0,G:\F2\F2a_20250211\279C0443.WAV,1.959327254324557,19.0,bg_104
,18.386558567255076,19.412814954315547,Nothing,,,,,G:\F2\F2a_20250211\279C0444.WAV,-1.0,G:\F2\F2a_20250211\279C0444.WAV,1.026256387060471,10.0,bg_105
,329.55975950687747,330.56688786683566,Nothing,,,,,G:\F2\F2a_20250211\279C0444.WAV,-1.0,G:\F2\F2a_20250211\279C0444.WAV,1.0071283599581662,10.0,bg_106
,574.7534565177746,578.9929458576788,Nothing,,,,,G:\F2\F2a_20250211\279C0444.WAV,-1.0,G:\F2\F2a_20250211\279C0444.WAV,4.239489339904268,42.0,bg_107
,1216.4021605366665,1221.6951597883776,Nothing,,,,,G:\F2\F2a_20250211\279C0444.WAV,-1.0,G:\F2\F2a_20250211\279C0444.WAV,5.292999251711186,52.0,bg_108
,1345.847586202527,1346.7605992916485,Nothing,,,,,G:\F2\F2a_20250211\279C0444.WAV,-1.0,G:\F2\F2a_20250211\279C0444.WAV,0.9130130891215235,9.0,bg_109
,1050.5985272868656,1053.3476035623573,Nothing,,,,,G:\F2\F2a_20250211\279C0445.WAV,-1.0,G:\F2\F2a_20250211\279C0445.WAV,2.7490762754917624,27.0,bg_110
,979.7201859644861,984.1746790086664,Nothing,,,,,G:\F2\F2a_20250211\279C0445.WAV,-1.0,G:\F2\F2a_20250211\279C0445.WAV,4.454493044180326,44.0,bg_111
,1339.1306435089948,1343.1799778243608,Nothing,,,,,G:\F2\F2a_20250211\279C0445.WAV,-1.0,G:\F2\F2a_20250211\279C0445.WAV,4.049334315365931,40.0,bg_112
,1126.8228327536638,1135.2406890146551,Nothing,,,,,G:\F2\F2a_20250211\279C0445.WAV,-1.0,G:\F2\F2a_20250211\279C0445.WAV,8.417856260991318,84.0,bg_113
,1240.0987939626996,1249.3847917183712,Nothing,,,,,G:\F2\F2a_20250211\279C0445.WAV,-1.0,G:\F2\F2a_20250211\279C0445.WAV,9.28599775567159,92.0,bg_114
,279.34103158882425,288.41623645613663,Nothing,,,,,G:\F2\F2a_20250211\279C0446.WAV,-1.0,G:\F2\F2a_20250211\279C0446.WAV,9.075204867312362,90.0,bg_115
,1071.6670979911737,1079.786343853773,Nothing,,,,,G:\F2\F2a_20250211\279C0446.WAV,-1.0,G:\F2\F2a_20250211\279C0446.WAV,8.11924586259914,81.0,bg_116
,1276.539283724668,1284.4397490931601,Nothing,,,,,G:\F2\F2a_20250211\279C0446.WAV,-1.0,G:\F2\F2a_20250211\279C0446.WAV,7.900465368492226,79.0,bg_117
,786.6982203333419,792.2908666748444,Nothing,,,,,G:\F2\F2a_20250211\279C0446.WAV,-1.0,G:\F2\F2a_20250211\279C0446.WAV,5.5926463415025545,55.0,bg_118
,993.4684709840631,998.3650649572014,Nothing,,,,,G:\F2\F2a_20250211\279C0446.WAV,-1.0,G:\F2\F2a_20250211\279C0446.WAV,4.896593973138401,48.0,bg_119
,57.846671898334556,64.4225229750871,Nothing,,,,,G:\F2\F2a_20250211\279C0450.WAV,-1.0,G:\F2\F2a_20250211\279C0450.WAV,6.575851076752546,65.0,bg_120
,173.18049865797133,178.22033276119691,Nothing,,,,,G:\F2\F2a_20250211\279C0450.WAV,-1.0,G:\F2\F2a_20250211\279C0450.WAV,5.039834103225585,50.0,bg_121
,890.7256020363515,893.4350164713758,Nothing,,,,,G:\F2\F2a_20250211\279C0450.WAV,-1.0,G:\F2\F2a_20250211\279C0450.WAV,2.7094144350243,27.0,bg_122
,905.9701667593013,909.5813746212204,Nothing,,,,,G:\F2\F2a_20250211\279C0450.WAV,-1.0,G:\F2\F2a_20250211\279C0450.WAV,3.6112078619191816,36.0,bg_123
,392.2924415962663,399.3070033780978,Nothing,,,,,G:\F2\F2a_20250211\279C0450.WAV,-1.0,G:\F2\F2a_20250211\279C0450.WAV,7.014561781831481,70.0,bg_124
,42.65035590679493,51.85566209240762,Nothing,,,,,G:\F2\F2a_20250211\279C0454.WAV,-1.0,G:\F2\F2a_20250211\279C0454.WAV,9.20530618561269,92.0,bg_125
,79.99597684881662,83.61540829636117,Nothing,,,,,G:\F2\F2a_20250211\279C0454.WAV,-1.0,G:\F2\F2a_20250211\279C0454.WAV,3.6194314475445437,36.0,bg_126
,1462.5377050010043,1469.2372847363251,Nothing,,,,,G:\F2\F2a_20250211\279C0454.WAV,-1.0,G:\F2\F2a_20250211\279C0454.WAV,6.699579735320969,66.0,bg_127
,589.7941552534987,595.3550168761233,Nothing,,,,,G:\F2\F2a_20250211\279C0454.WAV,-1.0,G:\F2\F2a_20250211\279C0454.WAV,5.5608616226245315,55.0,bg_128
,444.2834809494543,451.76496599140205,Nothing,,,,,G:\F2\F2a_20250211\279C0454.WAV,-1.0,G:\F2\F2a_20250211\279C0454.WAV,7.481485041947763,74.0,bg_129
,68.35563872922171,75.45622095299744,Nothing,,,,,G:\F2\F2a_20250211\279C0461.WAV,-1.0,G:\F2\F2a_20250211\279C0461.WAV,7.100582223775733,71.0,bg_130
,323.5046921853959,329.84129972054416,Nothing,,,,,G:\F2\F2a_20250211\279C0461.WAV,-1.0,G:\F2\F2a_20250211\279C0461.WAV,6.336607535148238,63.0,bg_131
,150.62066315786592,158.0149616264445,Nothing,,,,,G:\F2\F2a_20250211\279C0461.WAV,-1.0,G:\F2\F2a_20250211\279C0461.WAV,7.3942984685785555,73.0,bg_132
,25.61516698755372,27.42054232291284,Nothing,,,,,G:\F2\F2a_20250211\279C0461.WAV,-1.0,G:\F2\F2a_20250211\279C0461.WAV,1.8053753353591206,18.0,bg_133
,134.36399304463538,142.4723927174438,Nothing,,,,,G:\F2\F2a_20250211\279C0461.WAV,-1.0,G:\F2\F2a_20250211\279C0461.WAV,8.108399672808417,81.0,bg_134
,1776.1374233638508,1784.1910143341902,Nothing,,,,,G:\F1\F1_20240518\279C0760.WAV,-1.0,G:\F1\F1_20240518\279C0760.WAV,8.053590970339316,80.0,bg_135
,1526.507040982642,1529.4141828441143,Nothing,,,,,G:\F1\F1_20240518\279C0760.WAV,-1.0,G:\F1\F1_20240518\279C0760.WAV,2.9071418614722786,29.0,bg_136
,1548.7181651865317,1555.0717393367609,Nothing,,,,,G:\F1\F1_20240518\279C0760.WAV,-1.0,G:\F1\F1_20240518\279C0760.WAV,6.353574150229153,63.0,bg_137
,695.180402103666,701.0474329126541,Nothing,,,,,G:\F1\F1_20240518\279C0760.WAV,-1.0,G:\F1\F1_20240518\279C0760.WAV,5.867030808988198,58.0,bg_138
,1724.5909669210562,1730.0559687884308,Nothing,,,,,G:\F1\F1_20240518\279C0760.WAV,-1.0,G:\F1\F1_20240518\279C0760.WAV,5.465001867374666,54.0,bg_139
,271.1774159280358,279.2702407349005,Nothing,,,,,G:\F1\F1_20240518\279C0768.WAV,-1.0,G:\F1\F1_20240518\279C0768.WAV,8.092824806864634,80.0,bg_140
,270.21383313570465,279.5605773747606,Nothing,,,,,G:\F1\F1_20240518\279C0768.WAV,-1.0,G:\F1\F1_20240518\279C0768.WAV,9.346744239055967,93.0,bg_141
,1279.1706755773537,1280.7831594534048,Nothing,,,,,G:\F1\F1_20240518\279C0768.WAV,-1.0,G:\F1\F1_20240518\279C0768.WAV,1.6124838760510498,16.0,bg_142
,185.5546837925177,190.0314626500263,Nothing,,,,,G:\F1\F1_20240518\279C0768.WAV,-1.0,G:\F1\F1_20240518\279C0768.WAV,4.476778857508605,44.0,bg_143
,1639.4608018042618,1646.3375002306934,Nothing,,,,,G:\F1\F1_20240518\279C0768.WAV,-1.0,G:\F1\F1_20240518\279C0768.WAV,6.87669842643163,68.0,bg_144
,175.00822668309948,182.75228208027067,Nothing,,,,,G:\F1\F1_20240518\279C0770.WAV,-1.0,G:\F1\F1_20240518\279C0770.WAV,7.744055397171197,77.0,bg_145
,835.9542233956479,839.9140475644824,Nothing,,,,,G:\F1\F1_20240518\279C0770.WAV,-1.0,G:\F1\F1_20240518\279C0770.WAV,3.9598241688345133,39.0,bg_146
,611.0450863202357,612.9490283593865,Nothing,,,,,G:\F1\F1_20240518\279C0770.WAV,-1.0,G:\F1\F1_20240518\279C0770.WAV,1.9039420391508206,19.0,bg_147
,1487.484067822555,1492.1441561759432,Nothing,,,,,G:\F1\F1_20240518\279C0770.WAV,-1.0,G:\F1\F1_20240518\279C0770.WAV,4.660088353388156,46.0,bg_148
,607.4495973826362,613.2030315025387,Nothing,,,,,G:\F1\F1_20240518\279C0770.WAV,-1.0,G:\F1\F1_20240518\279C0770.WAV,5.75343411990255,57.0,bg_149
,1515.799979124961,1523.7128433171004,Nothing,,,,,G:\F1\F1_20240618\279C1506.WAV,-1.0,G:\F1\F1_20240618\279C1506.WAV,7.912864192139226,79.0,bg_150
,935.6794214887033,945.5524211654844,Nothing,,,,,G:\F1\F1_20240618\279C1506.WAV,-1.0,G:\F1\F1_20240618\279C1506.WAV,9.87299967678106,98.0,bg_151
,1109.0505423138543,1118.5868915838907,Nothing,,,,,G:\F1\F1_20240618\279C1506.WAV,-1.0,G:\F1\F1_20240618\279C1506.WAV,9.53634927003649,95.0,bg_152
,159.34319637245417,165.89539827037063,Nothing,,,,,G:\F1\F1_20240618\279C1506.WAV,-1.0,G:\F1\F1_20240618\279C1506.WAV,6.552201897916472,65.0,bg_153
,16.084464468822166,22.172915468529762,Nothing,,,,,G:\F1\F1_20240618\279C1506.WAV,-1.0,G:\F1\F1_20240618\279C1506.WAV,6.088450999707597,60.0,bg_154
,1760.979889697225,1765.7959103347216,Nothing,,,,,G:\F1\F1_20240703\279C1863.WAV,-1.0,G:\F1\F1_20240703\279C1863.WAV,4.816020637496592,48.0,bg_155
,1686.481604400411,1689.78751514118,Nothing,,,,,G:\F1\F1_20240703\279C1863.WAV,-1.0,G:\F1\F1_20240703\279C1863.WAV,3.3059107407688537,33.0,bg_156
,1590.1615743673087,1593.5298845860125,Nothing,,,,,G:\F1\F1_20240703\279C1863.WAV,-1.0,G:\F1\F1_20240703\279C1863.WAV,3.36831021870367,33.0,bg_157
,1589.7542643571296,1597.676557693729,Nothing,,,,,G:\F1\F1_20240703\279C1863.WAV,-1.0,G:\F1\F1_20240703\279C1863.WAV,7.922293336599401,79.0,bg_158
,430.36788616758656,439.22028639851015,Nothing,,,,,G:\F1\F1_20240703\279C1863.WAV,-1.0,G:\F1\F1_20240703\279C1863.WAV,8.85240023092358,88.0,bg_159
,670.8243757199252,679.2748932267042,Nothing,,,,,G:\F1\F1_20240703\279C1864.WAV,-1.0,G:\F1\F1_20240703\279C1864.WAV,8.450517506778914,84.0,bg_160
,437.5679387257974,444.3919437188095,Nothing,,,,,G:\F1\F1_20240703\279C1864.WAV,-1.0,G:\F1\F1_20240703\279C1864.WAV,6.8240049930121005,68.0,bg_161
,741.7269905076334,743.0861774139827,Nothing,,,,,G:\F1\F1_20240703\279C1864.WAV,-1.0,G:\F1\F1_20240703\279C1864.WAV,1.3591869063492612,13.0,bg_162
,865.6400647678719,868.4279313192628,Nothing,,,,,G:\F1\F1_20240703\279C1864.WAV,-1.0,G:\F1\F1_20240703\279C1864.WAV,2.7878665513908967,27.0,bg_163
,1695.4846339379128,1703.3639293744889,Nothing,,,,,G:\F1\F1_20240703\279C1864.WAV,-1.0,G:\F1\F1_20240703\279C1864.WAV,7.879295436576077,78.0,bg_164
,12.65018908908084,19.384744962691997,Nothing,,,,,G:\F1\F1_20240703\279C1867.WAV,-1.0,G:\F1\F1_20240703\279C1867.WAV,6.734555873611156,67.0,bg_165
,22.96964063649198,23.521224060714637,Nothing,,,,,G:\F1\F1_20240703\279C1867.WAV,-1.0,G:\F1\F1_20240703\279C1867.WAV,0.5515834242226544,5.0,bg_166
,14.655962582079745,22.77003978524419,Nothing,,,,,G:\F1\F1_20240703\279C1867.WAV,-1.0,G:\F1\F1_20240703\279C1867.WAV,8.114077203164445,81.0,bg_167
,20.003643731688904,28.573027739458098,Nothing,,,,,G:\F1\F1_20240703\279C1867.WAV,-1.0,G:\F1\F1_20240703\279C1867.WAV,8.569384007769193,85.0,bg_168
,19.148731239760494,28.462787826397157,Nothing,,,,,G:\F1\F1_20240703\279C1867.WAV,-1.0,G:\F1\F1_20240703\279C1867.WAV,9.314056586636664,93.0,bg_169
,1649.889077122373,1657.02122457017,Nothing,,,,,G:\F1\F1_20240703\279C1870.WAV,-1.0,G:\F1\F1_20240703\279C1870.WAV,7.1321474477970535,71.0,bg_170
,1747.3674679293404,1749.7843979811714,Nothing,,,,,G:\F1\F1_20240703\279C1870.WAV,-1.0,G:\F1\F1_20240703\279C1870.WAV,2.4169300518310264,24.0,bg_171
,1585.5745829121413,1590.8676273189747,Nothing,,,,,G:\F1\F1_20240703\279C1870.WAV,-1.0,G:\F1\F1_20240703\279C1870.WAV,5.293044406833372,52.0,bg_172
,1659.5216985851769,1668.1074440329153,Nothing,,,,,G:\F1\F1_20240703\279C1870.WAV,-1.0,G:\F1\F1_20240703\279C1870.WAV,8.585745447738383,85.0,bg_173
,294.6131658011792,302.09206617456323,Nothing,,,,,G:\F1\F1_20240703\279C1870.WAV,-1.0,G:\F1\F1_20240703\279C1870.WAV,7.478900373384035,74.0,bg_174
,251.72335744440926,258.9674520685816,Nothing,,,,,G:\F1\F1_20240703\279C1871.WAV,-1.0,G:\F1\F1_20240703\279C1871.WAV,7.244094624172387,72.0,bg_175
,1246.3864382749541,1252.6961025317362,Nothing,,,,,G:\F1\F1_20240703\279C1871.WAV,-1.0,G:\F1\F1_20240703\279C1871.WAV,6.3096642567821615,63.0,bg_176
,232.6617678201766,233.5640980601882,Nothing,,,,,G:\F1\F1_20240703\279C1871.WAV,-1.0,G:\F1\F1_20240703\279C1871.WAV,0.9023302400115873,9.0,bg_177
,905.8332837996596,913.0742775081155,Nothing,,,,,G:\F1\F1_20240703\279C1871.WAV,-1.0,G:\F1\F1_20240703\279C1871.WAV,7.240993708455897,72.0,bg_178
,256.57840144847347,258.8219671228365,Nothing,,,,,G:\F1\F1_20240703\279C1871.WAV,-1.0,G:\F1\F1_20240703\279C1871.WAV,2.2435656743630306,22.0,bg_179
,1554.4107841749708,1559.2671102783265,Nothing,,,,,G:\F1\F1_20240703\279C1878.WAV,-1.0,G:\F1\F1_20240703\279C1878.WAV,4.856326103355653,48.0,bg_180
,1228.9061643564264,1234.8440892810336,Nothing,,,,,G:\F1\F1_20240703\279C1878.WAV,-1.0,G:\F1\F1_20240703\279C1878.WAV,5.937924924607055,59.0,bg_181
,1513.0646677782127,1522.5519000870145,Nothing,,,,,G:\F1\F1_20240703\279C1878.WAV,-1.0,G:\F1\F1_20240703\279C1878.WAV,9.487232308801904,94.0,bg_182
,729.8017747885441,736.9496462621403,Nothing,,,,,G:\F1\F1_20240703\279C1878.WAV,-1.0,G:\F1\F1_20240703\279C1878.WAV,7.147871473596128,71.0,bg_183
,570.2753650205283,579.7110119126357,Nothing,,,,,G:\F1\F1_20240703\279C1878.WAV,-1.0,G:\F1\F1_20240703\279C1878.WAV,9.435646892107425,94.0,bg_184
,9.719355700303083,14.057682412340359,Nothing,,,,,G:\F1\F1_20240718\279C2223.WAV,-1.0,G:\F1\F1_20240718\279C2223.WAV,4.338326712037277,43.0,bg_185
,1669.8617438125636,1671.4943103114422,Nothing,,,,,G:\F1\F1_20240718\279C2223.WAV,-1.0,G:\F1\F1_20240718\279C2223.WAV,1.6325664988785737,16.0,bg_186
,9.174803856008092,12.569497591735988,Nothing,,,,,G:\F1\F1_20240718\279C2223.WAV,-1.0,G:\F1\F1_20240718\279C2223.WAV,3.3946937357278975,33.0,bg_187
,649.1230330957865,655.4274147926344,Nothing,,,,,G:\F1\F1_20240718\279C2223.WAV,-1.0,G:\F1\F1_20240718\279C2223.WAV,6.304381696847969,63.0,bg_188
,1563.7554614846572,1568.1389010242299,Nothing,,,,,G:\F1\F1_20240718\279C2223.WAV,-1.0,G:\F1\F1_20240718\279C2223.WAV,4.383439539572622,43.0,bg_189
,1592.6499824100115,1598.738891769897,Nothing,,,,,G:\F1\F1_20240718\279C2224.WAV,-1.0,G:\F1\F1_20240718\279C2224.WAV,6.088909359885578,60.0,bg_190
,748.8049403876734,753.2797408071635,Nothing,,,,,G:\F1\F1_20240718\279C2224.WAV,-1.0,G:\F1\F1_20240718\279C2224.WAV,4.474800419490174,44.0,bg_191
,894.5684682300621,897.2116004780021,Nothing,,,,,G:\F1\F1_20240718\279C2224.WAV,-1.0,G:\F1\F1_20240718\279C2224.WAV,2.643132247940004,26.0,bg_192
,1719.741135939387,1726.9101566599356,Nothing,,,,,G:\F1\F1_20240718\279C2224.WAV,-1.0,G:\F1\F1_20240718\279C2224.WAV,7.169020720548528,71.0,bg_193
,1749.0920232340216,1755.7901372709714,Nothing,,,,,G:\F1\F1_20240718\279C2224.WAV,-1.0,G:\F1\F1_20240718\279C2224.WAV,6.6981140369498,66.0,bg_194
,1567.18400201188,1572.900873656077,Nothing,,,,,G:\F1\F1_20240718\279C2227.WAV,-1.0,G:\F1\F1_20240718\279C2227.WAV,5.716871644196955,57.0,bg_195
,1696.69810573628,1703.1452243052202,Nothing,,,,,G:\F1\F1_20240718\279C2227.WAV,-1.0,G:\F1\F1_20240718\279C2227.WAV,6.447118568940042,64.0,bg_196
,1581.0991427025174,1588.5978467430984,Nothing,,,,,G:\F1\F1_20240718\279C2227.WAV,-1.0,G:\F1\F1_20240718\279C2227.WAV,7.498704040581092,74.0,bg_197
,1768.6499167261768,1777.8999601004812,Nothing,,,,,G:\F1\F1_20240718\279C2227.WAV,-1.0,G:\F1\F1_20240718\279C2227.WAV,9.25004337430432,92.0,bg_198
,1695.709219364134,1703.8079882663906,Nothing,,,,,G:\F1\F1_20240718\279C2227.WAV,-1.0,G:\F1\F1_20240718\279C2227.WAV,8.098768902256445,80.0,bg_199
,466.5134343319457,474.96856677422386,Nothing,,,,,G:\F1\F1_20240718\279C2228.WAV,-1.0,G:\F1\F1_20240718\279C2228.WAV,8.455132442278153,84.0,bg_200
,638.7280726514398,639.9126345486328,Nothing,,,,,G:\F1\F1_20240718\279C2228.WAV,-1.0,G:\F1\F1_20240718\279C2228.WAV,1.1845618971929652,11.0,bg_201
,46.47084104623634,47.49873625685168,Nothing,,,,,G:\F1\F1_20240718\279C2228.WAV,-1.0,G:\F1\F1_20240718\279C2228.WAV,1.02789521061534,10.0,bg_202
,437.15431331440504,439.2977605437252,Nothing,,,,,G:\F1\F1_20240718\279C2228.WAV,-1.0,G:\F1\F1_20240718\279C2228.WAV,2.1434472293201408,21.0,bg_203
,109.64383968953555,117.19941907342387,Nothing,,,,,G:\F1\F1_20240718\279C2228.WAV,-1.0,G:\F1\F1_20240718\279C2228.WAV,7.555579383888314,75.0,bg_204
,193.28368279107667,201.920889015035,Nothing,,,,,G:\F1\F1_20240718\279C2230.WAV,-1.0,G:\F1\F1_20240718\279C2230.WAV,8.637206223958303,86.0,bg_205
,192.14493560322032,198.3529194786986,Nothing,,,,,G:\F1\F1_20240718\279C2230.WAV,-1.0,G:\F1\F1_20240718\279C2230.WAV,6.207983875478268,62.0,bg_206
,261.89510311348005,265.8618370437234,Nothing,,,,,G:\F1\F1_20240718\279C2230.WAV,-1.0,G:\F1\F1_20240718\279C2230.WAV,3.966733930243399,39.0,bg_207
,937.9541371331759,945.7891336010445,Nothing,,,,,G:\F1\F1_20240718\279C2230.WAV,-1.0,G:\F1\F1_20240718\279C2230.WAV,7.834996467868563,78.0,bg_208
,48.8976001594094,55.93041812648728,Nothing,,,,,G:\F1\F1_20240718\279C2230.WAV,-1.0,G:\F1\F1_20240718\279C2230.WAV,7.032817967077879,70.0,bg_209
,1161.2121484684983,1167.8005904970669,Nothing,,,,,G:\F1\F1_20240718\279C2241.WAV,-1.0,G:\F1\F1_20240718\279C2241.WAV,6.588442028568514,65.0,bg_210
,1259.6829186679697,1262.168966424691,Nothing,,,,,G:\F1\F1_20240718\279C2241.WAV,-1.0,G:\F1\F1_20240718\279C2241.WAV,2.4860477567212937,24.0,bg_211
,1120.07740233301,1122.1535175778372,Nothing,,,,,G:\F1\F1_20240718\279C2241.WAV,-1.0,G:\F1\F1_20240718\279C2241.WAV,2.0761152448270694,20.0,bg_212
,1687.8382004561163,1697.7349639816105,Nothing,,,,,G:\F1\F1_20240718\279C2241.WAV,-1.0,G:\F1\F1_20240718\279C2241.WAV,9.896763525494253,98.0,bg_213
,1013.704905325825,1023.6129611369247,Nothing,,,,,G:\F1\F1_20240718\279C2241.WAV,-1.0,G:\F1\F1_20240718\279C2241.WAV,9.908055811099588,99.0,bg_214
,979.2721804553788,984.0305137812951,Nothing,,,,,G:\F1\F1_20240803\279C2624.WAV,-1.0,G:\F1\F1_20240803\279C2624.WAV,4.758333325916335,47.0,bg_215
,607.9753992575617,615.6510358991118,Nothing,,,,,G:\F1\F1_20240803\279C2624.WAV,-1.0,G:\F1\F1_20240803\279C2624.WAV,7.6756366415500725,76.0,bg_216
,1157.262313996194,1162.220919871003,Nothing,,,,,G:\F1\F1_20240803\279C2624.WAV,-1.0,G:\F1\F1_20240803\279C2624.WAV,4.958605874808812,49.0,bg_217
,342.36342315001673,351.4809075605008,Nothing,,,,,G:\F1\F1_20240803\279C2624.WAV,-1.0,G:\F1\F1_20240803\279C2624.WAV,9.117484410484042,91.0,bg_218
,425.81767684687543,428.52977355384064,Nothing,,,,,G:\F1\F1_20240803\279C2624.WAV,-1.0,G:\F1\F1_20240803\279C2624.WAV,2.7120967069652093,27.0,bg_219
,558.9276460707572,564.9988752143978,Nothing,,,,,G:\F1\F1_20240818\279C2978.WAV,-1.0,G:\F1\F1_20240818\279C2978.WAV,6.071229143640561,60.0,bg_220
,567.3772007701585,568.676296448449,Nothing,,,,,G:\F1\F1_20240818\279C2978.WAV,-1.0,G:\F1\F1_20240818\279C2978.WAV,1.2990956782903793,12.0,bg_221
,939.9122368904225,946.4693295449679,Nothing,,,,,G:\F1\F1_20240818\279C2978.WAV,-1.0,G:\F1\F1_20240818\279C2978.WAV,6.557092654545361,65.0,bg_222
,1133.472924321828,1141.2205030027035,Nothing,,,,,G:\F1\F1_20240818\279C2978.WAV,-1.0,G:\F1\F1_20240818\279C2978.WAV,7.7475786808755265,77.0,bg_223
,1277.551091602182,1281.5338712590417,Nothing,,,,,G:\F1\F1_20240818\279C2978.WAV,-1.0,G:\F1\F1_20240818\279C2978.WAV,3.9827796568598175,39.0,bg_224
,464.77256639783354,473.2951156940618,Nothing,,,,,G:\F1\F1_20240818\279C2980.WAV,-1.0,G:\F1\F1_20240818\279C2980.WAV,8.522549296228272,85.0,bg_225
,1170.2219690779555,1178.0239311778196,Nothing,,,,,G:\F1\F1_20240818\279C2980.WAV,-1.0,G:\F1\F1_20240818\279C2980.WAV,7.8019620998641015,78.0,bg_226
,1272.8536369306448,1281.9943832474225,Nothing,,,,,G:\F1\F1_20240818\279C2980.WAV,-1.0,G:\F1\F1_20240818\279C2980.WAV,9.140746316777824,91.0,bg_227
,466.67100383412895,475.2486096730493,Nothing,,,,,G:\F1\F1_20240818\279C2980.WAV,-1.0,G:\F1\F1_20240818\279C2980.WAV,8.577605838920357,85.0,bg_228
,420.318352327092,425.86675721663545,Nothing,,,,,G:\F1\F1_20240818\279C2980.WAV,-1.0,G:\F1\F1_20240818\279C2980.WAV,5.548404889543488,55.0,bg_229
,1585.8525129243876,1590.1387617380522,Nothing,,,,,G:\F1\F1_20240818\279C2981.WAV,-1.0,G:\F1\F1_20240818\279C2981.WAV,4.286248813664637,42.0,bg_230
,1420.5404972412146,1422.7268097743658,Nothing,,,,,G:\F1\F1_20240818\279C2981.WAV,-1.0,G:\F1\F1_20240818\279C2981.WAV,2.1863125331511912,21.0,bg_231
,1133.3379190728988,1135.6581476646945,Nothing,,,,,G:\F1\F1_20240818\279C2981.WAV,-1.0,G:\F1\F1_20240818\279C2981.WAV,2.320228591795648,23.0,bg_232
,375.05194663358554,379.8099162520258,Nothing,,,,,G:\F1\F1_20240818\279C2981.WAV,-1.0,G:\F1\F1_20240818\279C2981.WAV,4.7579696184402795,47.0,bg_233
,1384.7097480874402,1390.8952814072386,Nothing,,,,,G:\F1\F1_20240818\279C2981.WAV,-1.0,G:\F1\F1_20240818\279C2981.WAV,6.185533319798497,61.0,bg_234
,471.40377653105224,478.5825944551917,Nothing,,,,,G:\F2\F2_20240420\B92C0088.WAV,-1.0,G:\F2\F2_20240420\B92C0088.WAV,7.178817924139479,71.0,bg_235
,1247.7744031939133,1257.6015596955674,Nothing,,,,,G:\F2\F2_20240420\B92C0088.WAV,-1.0,G:\F2\F2_20240420\B92C0088.WAV,9.827156501654088,98.0,bg_236
,1691.7537876387075,1699.4873969889557,Nothing,,,,,G:\F2\F2_20240420\B92C0088.WAV,-1.0,G:\F2\F2_20240420\B92C0088.WAV,7.733609350248073,77.0,bg_237
,581.5314109867471,588.8780224805714,Nothing,,,,,G:\F2\F2_20240420\B92C0088.WAV,-1.0,G:\F2\F2_20240420\B92C0088.WAV,7.34661149382434,73.0,bg_238
,870.615463737991,879.3500774014793,Nothing,,,,,G:\F2\F2_20240420\B92C0088.WAV,-1.0,G:\F2\F2_20240420\B92C0088.WAV,8.734613663488302,87.0,bg_239
,1760.1494158146909,1767.6073440931318,Nothing,,,,,G:\F2\F2_20240420\B92C0091.WAV,-1.0,G:\F2\F2_20240420\B92C0091.WAV,7.457928278440983,74.0,bg_240
,1697.749936742885,1704.4639096329674,Nothing,,,,,G:\F2\F2_20240420\B92C0091.WAV,-1.0,G:\F2\F2_20240420\B92C0091.WAV,6.713972890082389,67.0,bg_241
,1453.7553349382986,1463.608826711899,Nothing,,,,,G:\F2\F2_20240420\B92C0091.WAV,-1.0,G:\F2\F2_20240420\B92C0091.WAV,9.853491773600433,98.0,bg_242
,1612.567709402359,1620.1925530127442,Nothing,,,,,G:\F2\F2_20240420\B92C0091.WAV,-1.0,G:\F2\F2_20240420\B92C0091.WAV,7.624843610385052,76.0,bg_243
,1667.393287794197,1669.0700506554072,Nothing,,,,,G:\F2\F2_20240420\B92C0091.WAV,-1.0,G:\F2\F2_20240420\B92C0091.WAV,1.6767628612100998,16.0,bg_244
,396.54179718422625,401.69394473148685,Nothing,,,,,G:\F2\F2_20240420\B92C0092.WAV,-1.0,G:\F2\F2_20240420\B92C0092.WAV,5.152147547260606,51.0,bg_245
,640.6342340216737,645.5514818555134,Nothing,,,,,G:\F2\F2_20240420\B92C0092.WAV,-1.0,G:\F2\F2_20240420\B92C0092.WAV,4.917247833839704,49.0,bg_246
,1700.2031345484163,1708.243114978736,Nothing,,,,,G:\F2\F2_20240420\B92C0092.WAV,-1.0,G:\F2\F2_20240420\B92C0092.WAV,8.03998043031974,80.0,bg_247
,699.3632178188368,705.1401040651456,Nothing,,,,,G:\F2\F2_20240420\B92C0092.WAV,-1.0,G:\F2\F2_20240420\B92C0092.WAV,5.776886246308758,57.0,bg_248
,839.8949173406409,848.2094567015065,Nothing,,,,,G:\F2\F2_20240420\B92C0092.WAV,-1.0,G:\F2\F2_20240420\B92C0092.WAV,8.3145393608656,83.0,bg_249
,1503.064079626695,1507.1047518691091,Nothing,,,,,G:\F2\F2_20240420\B92C0096.WAV,-1.0,G:\F2\F2_20240420\B92C0096.WAV,4.040672242413975,40.0,bg_250
,644.4976786327072,651.4130821050484,Nothing,,,,,G:\F2\F2_20240420\B92C0096.WAV,-1.0,G:\F2\F2_20240420\B92C0096.WAV,6.915403472341099,69.0,bg_251
,667.4564319951877,675.3067784813281,Nothing,,,,,G:\F2\F2_20240420\B92C0096.WAV,-1.0,G:\F2\F2_20240420\B92C0096.WAV,7.85034648614045,78.0,bg_252
,1483.0266110147352,1491.134891139748,Nothing,,,,,G:\F2\F2_20240420\B92C0096.WAV,-1.0,G:\F2\F2_20240420\B92C0096.WAV,8.108280125013005,81.0,bg_253
,778.9923495117768,781.720433440969,Nothing,,,,,G:\F2\F2_20240420\B92C0096.WAV,-1.0,G:\F2\F2_20240420\B92C0096.WAV,2.7280839291923367,27.0,bg_254
,828.0159927406281,828.5587439275549,Nothing,,,,,G:\F2\F2_20240420\B92C0100.WAV,-1.0,G:\F2\F2_20240420\B92C0100.WAV,0.5427511869267616,5.0,bg_255
,777.9799312613887,784.9141615553505,Nothing,,,,,G:\F2\F2_20240420\B92C0100.WAV,-1.0,G:\F2\F2_20240420\B92C0100.WAV,6.9342302939617735,69.0,bg_256
,251.85511805674534,260.8636494298905,Nothing,,,,,G:\F2\F2_20240420\B92C0100.WAV,-1.0,G:\F2\F2_20240420\B92C0100.WAV,9.00853137314512,90.0,bg_257
,461.9130069257409,464.67076137766657,Nothing,,,,,G:\F2\F2_20240420\B92C0100.WAV,-1.0,G:\F2\F2_20240420\B92C0100.WAV,2.7577544519256745,27.0,bg_258
,1261.3049749131062,1269.9117492889748,Nothing,,,,,G:\F2\F2_20240420\B92C0100.WAV,-1.0,G:\F2\F2_20240420\B92C0100.WAV,8.606774375868564,86.0,bg_259
,226.8375621696567,232.94560455304662,Nothing,,,,,G:\F2\F2_20240420\B92C0104.WAV,-1.0,G:\F2\F2_20240420\B92C0104.WAV,6.108042383389916,61.0,bg_260
,154.30981723594982,163.23211407658258,Nothing,,,,,G:\F2\F2_20240420\B92C0104.WAV,-1.0,G:\F2\F2_20240420\B92C0104.WAV,8.922296840632757,89.0,bg_261
,1530.3562842174465,1531.6619943341861,Nothing,,,,,G:\F2\F2_20240420\B92C0104.WAV,-1.0,G:\F2\F2_20240420\B92C0104.WAV,1.3057101167397493,13.0,bg_262
,822.2917831444852,830.4623834012599,Nothing,,,,,G:\F2\F2_20240420\B92C0104.WAV,-1.0,G:\F2\F2_20240420\B92C0104.WAV,8.170600256774676,81.0,bg_263
,977.9958977348316,981.3113372764377,Nothing,,,,,G:\F2\F2_20240420\B92C0104.WAV,-1.0,G:\F2\F2_20240420\B92C0104.WAV,3.3154395416060667,33.0,bg_264
,498.6619601796657,504.6232435110845,Nothing,,,,,G:\F2\F2_20240420\B92C0105.WAV,-1.0,G:\F2\F2_20240420\B92C0105.WAV,5.961283331418819,59.0,bg_265
,546.0013619320757,553.159731528222,Nothing,,,,,G:\F2\F2_20240420\B92C0105.WAV,-1.0,G:\F2\F2_20240420\B92C0105.WAV,7.1583695961462555,71.0,bg_266
,510.22084143173043,519.4161796544432,Nothing,,,,,G:\F2\F2_20240420\B92C0105.WAV,-1.0,G:\F2\F2_20240420\B92C0105.WAV,9.19533822271277,91.0,bg_267
,133.7053735351815,135.4818592116556,Nothing,,,,,G:\F2\F2_20240420\B92C0105.WAV,-1.0,G:\F2\F2_20240420\B92C0105.WAV,1.7764856764740842,17.0,bg_268
,316.2745891490921,318.6933900071355,Nothing,,,,,G:\F2\F2_20240420\B92C0105.WAV,-1.0,G:\F2\F2_20240420\B92C0105.WAV,2.418800858043425,24.0,bg_269
,1461.1469291321932,1465.9530883389448,Nothing,,,,,G:\F2\F2_20240518\B92C0756.WAV,-1.0,G:\F2\F2_20240518\B92C0756.WAV,4.806159206751553,48.0,bg_270
,1774.7959852220097,1779.2896120513099,Nothing,,,,,G:\F2\F2_20240518\B92C0756.WAV,-1.0,G:\F2\F2_20240518\B92C0756.WAV,4.4936268293001325,44.0,bg_271
,1430.4495249676563,1438.093174622618,Nothing,,,,,G:\F2\F2_20240518\B92C0756.WAV,-1.0,G:\F2\F2_20240518\B92C0756.WAV,7.643649654961697,76.0,bg_272
,1405.1112596392088,1414.1327292275523,Nothing,,,,,G:\F2\F2_20240518\B92C0756.WAV,-1.0,G:\F2\F2_20240518\B92C0756.WAV,9.021469588343454,90.0,bg_273
,1556.5454989284901,1560.1362548683985,Nothing,,,,,G:\F2\F2_20240518\B92C0756.WAV,-1.0,G:\F2\F2_20240518\B92C0756.WAV,3.590755939908432,35.0,bg_274
,1694.5124098620777,1702.0644303815484,Nothing,,,,,G:\F2\F2_20240518\B92C0763.WAV,-1.0,G:\F2\F2_20240518\B92C0763.WAV,7.552020519470778,75.0,bg_275
,156.68892520633116,163.39659769192136,Nothing,,,,,G:\F2\F2_20240518\B92C0763.WAV,-1.0,G:\F2\F2_20240518\B92C0763.WAV,6.707672485590204,67.0,bg_276
,737.5935073428245,741.1571846409269,Nothing,,,,,G:\F2\F2_20240518\B92C0763.WAV,-1.0,G:\F2\F2_20240518\B92C0763.WAV,3.56367729810232,35.0,bg_277
,363.3178966359701,372.12388310623277,Nothing,,,,,G:\F2\F2_20240518\B92C0763.WAV,-1.0,G:\F2\F2_20240518\B92C0763.WAV,8.80598647026267,88.0,bg_278
,969.8417877843895,977.8655448232325,Nothing,,,,,G:\F2\F2_20240518\B92C0763.WAV,-1.0,G:\F2\F2_20240518\B92C0763.WAV,8.023757038843055,80.0,bg_279
,1787.357543272798,1792.0222127293478,Nothing,,,,,G:\F2\F2_20240518\B92C0765.WAV,-1.0,G:\F2\F2_20240518\B92C0765.WAV,4.664669456549833,46.0,bg_280
,221.03366877320255,227.94234480450328,Nothing,,,,,G:\F2\F2_20240518\B92C0765.WAV,-1.0,G:\F2\F2_20240518\B92C0765.WAV,6.908676031300729,69.0,bg_281
,49.84319419837408,58.91745690595678,Nothing,,,,,G:\F2\F2_20240518\B92C0765.WAV,-1.0,G:\F2\F2_20240518\B92C0765.WAV,9.074262707582703,90.0,bg_282
,433.67616612953043,439.5167881000374,Nothing,,,,,G:\F2\F2_20240518\B92C0765.WAV,-1.0,G:\F2\F2_20240518\B92C0765.WAV,5.840621970506936,58.0,bg_283
,139.22379856754213,145.9265587699001,Nothing,,,,,G:\F2\F2_20240518\B92C0765.WAV,-1.0,G:\F2\F2_20240518\B92C0765.WAV,6.702760202357985,67.0,bg_284
,1475.60017004523,1480.2134087274737,Nothing,,,,,G:\F2\F2_20240518\B92C0776.WAV,-1.0,G:\F2\F2_20240518\B92C0776.WAV,4.6132386822437885,46.0,bg_285
,1477.131644423052,1486.7495023851795,Nothing,,,,,G:\F2\F2_20240518\B92C0776.WAV,-1.0,G:\F2\F2_20240518\B92C0776.WAV,9.617857962127593,96.0,bg_286
,95.63232151399491,98.46995432329183,Nothing,,,,,G:\F2\F2_20240518\B92C0776.WAV,-1.0,G:\F2\F2_20240518\B92C0776.WAV,2.8376328092969154,28.0,bg_287
,455.5304981176919,460.35411762060363,Nothing,,,,,G:\F2\F2_20240518\B92C0776.WAV,-1.0,G:\F2\F2_20240518\B92C0776.WAV,4.823619502911742,48.0,bg_288
,1501.136369129188,1502.1204937136495,Nothing,,,,,G:\F2\F2_20240518\B92C0776.WAV,-1.0,G:\F2\F2_20240518\B92C0776.WAV,0.9841245844614175,9.0,bg_289
,1461.2695263986361,1465.4223179895405,Nothing,,,,,G:\F2\F2_20240518\B92C0777.WAV,-1.0,G:\F2\F2_20240518\B92C0777.WAV,4.152791590904316,41.0,bg_290
,206.41405304196957,208.8807481864553,Nothing,,,,,G:\F2\F2_20240518\B92C0777.WAV,-1.0,G:\F2\F2_20240518\B92C0777.WAV,2.4666951444857137,24.0,bg_291
,1.131856652823965,5.376051536015892,Nothing,,,,,G:\F2\F2_20240518\B92C0777.WAV,-1.0,G:\F2\F2_20240518\B92C0777.WAV,4.244194883191926,42.0,bg_292
,590.3296834337468,591.8943519582344,Nothing,,,,,G:\F2\F2_20240518\B92C0777.WAV,-1.0,G:\F2\F2_20240518\B92C0777.WAV,1.5646685244876266,15.0,bg_293
,335.44754347690673,335.95925757076986,Nothing,,,,,G:\F2\F2_20240518\B92C0777.WAV,-1.0,G:\F2\F2_20240518\B92C0777.WAV,0.5117140938631273,5.0,bg_294
,983.2543262402271,986.9187207698282,Nothing,,,,,G:\F2\F2_20240603\B92C1148.WAV,-1.0,G:\F2\F2_20240603\B92C1148.WAV,3.664394529601059,36.0,bg_295
,93.16975624662753,101.08527705313008,Nothing,,,,,G:\F2\F2_20240603\B92C1148.WAV,-1.0,G:\F2\F2_20240603\B92C1148.WAV,7.915520806502551,79.0,bg_296
,713.2536217697314,716.8172809589248,Nothing,,,,,G:\F2\F2_20240603\B92C1148.WAV,-1.0,G:\F2\F2_20240603\B92C1148.WAV,3.5636591891934333,35.0,bg_297
,692.5637323699787,697.6224346752138,Nothing,,,,,G:\F2\F2_20240603\B92C1148.WAV,-1.0,G:\F2\F2_20240603\B92C1148.WAV,5.058702305235119,50.0,bg_298
,1696.869322762374,1700.5113123118952,Nothing,,,,,G:\F2\F2_20240603\B92C1148.WAV,-1.0,G:\F2\F2_20240603\B92C1148.WAV,3.6419895495212335,36.0,bg_299
,282.50585889726756,283.46726715081365,Nothing,,,,,G:\F2\F2_20240603\B92C1149.WAV,-1.0,G:\F2\F2_20240603\B92C1149.WAV,0.9614082535461017,9.0,bg_300
,272.8262872755445,274.7556003853405,Nothing,,,,,G:\F2\F2_20240603\B92C1149.WAV,-1.0,G:\F2\F2_20240603\B92C1149.WAV,1.9293131097960037,19.0,bg_301
,1.7882772980870916,3.601228328653134,Nothing,,,,,G:\F2\F2_20240603\B92C1149.WAV,-1.0,G:\F2\F2_20240603\B92C1149.WAV,1.8129510305660421,18.0,bg_302
,1337.7167182731232,1340.005777033831,Nothing,,,,,G:\F2\F2_20240603\B92C1149.WAV,-1.0,G:\F2\F2_20240603\B92C1149.WAV,2.2890587607078423,22.0,bg_303
,460.69924223519837,462.2502221770393,Nothing,,,,,G:\F2\F2_20240603\B92C1149.WAV,-1.0,G:\F2\F2_20240603\B92C1149.WAV,1.550979941840931,15.0,bg_304
,1051.926429188058,1057.8339436671492,Nothing,,,,,G:\F2\F2_20240603\B92C1160.WAV,-1.0,G:\F2\F2_20240603\B92C1160.WAV,5.90751447909143,59.0,bg_305
,1147.0170863736907,1155.5867220380437,Nothing,,,,,G:\F2\F2_20240603\B92C1160.WAV,-1.0,G:\F2\F2_20240603\B92C1160.WAV,8.569635664352901,85.0,bg_306
,134.3627095632106,140.74434088426685,Nothing,,,,,G:\F2\F2_20240603\B92C1160.WAV,-1.0,G:\F2\F2_20240603\B92C1160.WAV,6.381631321056253,63.0,bg_307
,1359.0419558694912,1366.8848610567763,Nothing,,,,,G:\F2\F2_20240603\B92C1160.WAV,-1.0,G:\F2\F2_20240603\B92C1160.WAV,7.842905187285198,78.0,bg_308
,1474.6972686643774,1483.9258086329528,Nothing,,,,,G:\F2\F2_20240603\B92C1160.WAV,-1.0,G:\F2\F2_20240603\B92C1160.WAV,9.228539968575468,92.0,bg_309
,955.5591726512802,961.7917049674467,Nothing,,,,,G:\F2\F2_20240603\B92C1161.WAV,-1.0,G:\F2\F2_20240603\B92C1161.WAV,6.232532316166554,62.0,bg_310
,898.2886470662211,906.5136608515121,Nothing,,,,,G:\F2\F2_20240603\B92C1161.WAV,-1.0,G:\F2\F2_20240603\B92C1161.WAV,8.225013785291072,82.0,bg_311
,117.98056701325064,126.0730954745448,Nothing,,,,,G:\F2\F2_20240603\B92C1161.WAV,-1.0,G:\F2\F2_20240603\B92C1161.WAV,8.092528461294165,80.0,bg_312
,55.87075273044651,60.30400062144426,Nothing,,,,,G:\F2\F2_20240603\B92C1161.WAV,-1.0,G:\F2\F2_20240603\B92C1161.WAV,4.4332478909977455,44.0,bg_313
,1.0410192642078182,1.8244495801549443,Nothing,,,,,G:\F2\F2_20240603\B92C1161.WAV,-1.0,G:\F2\F2_20240603\B92C1161.WAV,0.7834303159471261,7.0,bg_314
,1565.1799585750548,1565.860782979321,Nothing,,,,,G:\F2\F2_20240619\B92C1525.WAV,-1.0,G:\F2\F2_20240619\B92C1525.WAV,0.6808244042661225,6.0,bg_315
,1112.2083607197035,1119.4352274586975,Nothing,,,,,G:\F2\F2_20240619\B92C1525.WAV,-1.0,G:\F2\F2_20240619\B92C1525.WAV,7.226866738994085,72.0,bg_316
,896.4389021543295,899.9518572800644,Nothing,,,,,G:\F2\F2_20240619\B92C1525.WAV,-1.0,G:\F2\F2_20240619\B92C1525.WAV,3.5129551257347984,35.0,bg_317
,1601.5562190130138,1603.2534692596068,Nothing,,,,,G:\F2\F2_20240619\B92C1525.WAV,-1.0,G:\F2\F2_20240619\B92C1525.WAV,1.697250246592952,16.0,bg_318
,763.990719022976,771.0751255788082,Nothing,,,,,G:\F2\F2_20240619\B92C1525.WAV,-1.0,G:\F2\F2_20240619\B92C1525.WAV,7.084406555832164,70.0,bg_319
,1778.041587551404,1787.963445072727,Nothing,,,,,G:\F2\F2_20240619\B92C1526.WAV,-1.0,G:\F2\F2_20240619\B92C1526.WAV,9.921857521322751,99.0,bg_320
,1584.38824697669,1590.4423159009646,Nothing,,,,,G:\F2\F2_20240619\B92C1526.WAV,-1.0,G:\F2\F2_20240619\B92C1526.WAV,6.054068924274572,60.0,bg_321
,1131.5440246475646,1137.1379285721227,Nothing,,,,,G:\F2\F2_20240619\B92C1526.WAV,-1.0,G:\F2\F2_20240619\B92C1526.WAV,5.593903924558065,55.0,bg_322
,1085.3111012443162,1088.4063795635745,Nothing,,,,,G:\F2\F2_20240619\B92C1526.WAV,-1.0,G:\F2\F2_20240619\B92C1526.WAV,3.095278319258325,30.0,bg_323
,0.6595236277223524,3.959697963148601,Nothing,,,,,G:\F2\F2_20240619\B92C1526.WAV,-1.0,G:\F2\F2_20240619\B92C1526.WAV,3.3001743354262487,33.0,bg_324
,241.3484740066618,249.7928031866665,Nothing,,,,,G:\F2\F2_20240619\B92C1537.WAV,-1.0,G:\F2\F2_20240619\B92C1537.WAV,8.444329180004711,84.0,bg_325
,359.0710267125872,361.76819183961226,Nothing,,,,,G:\F2\F2_20240619\B92C1537.WAV,-1.0,G:\F2\F2_20240619\B92C1537.WAV,2.6971651270250963,26.0,bg_326
,1180.2835046507691,1183.1933174631065,Nothing,,,,,G:\F2\F2_20240619\B92C1537.WAV,-1.0,G:\F2\F2_20240619\B92C1537.WAV,2.9098128123373708,29.0,bg_327
,1350.8042830495347,1355.0678648000976,Nothing,,,,,G:\F2\F2_20240619\B92C1537.WAV,-1.0,G:\F2\F2_20240619\B92C1537.WAV,4.263581750562865,42.0,bg_328
,1459.9614730519354,1467.356284581732,Nothing,,,,,G:\F2\F2_20240619\B92C1537.WAV,-1.0,G:\F2\F2_20240619\B92C1537.WAV,7.3948115297966215,73.0,bg_329
,1353.5543175916628,1363.3967798135957,Nothing,,,,,G:\F2\F2_20240718\B92C2228.WAV,-1.0,G:\F2\F2_20240718\B92C2228.WAV,9.842462221932907,98.0,bg_330
,1640.3884899095342,1645.7770289024468,Nothing,,,,,G:\F2\F2_20240718\B92C2228.WAV,-1.0,G:\F2\F2_20240718\B92C2228.WAV,5.388538992912544,53.0,bg_331
,420.85171194295765,426.2938975798946,Nothing,,,,,G:\F2\F2_20240718\B92C2228.WAV,-1.0,G:\F2\F2_20240718\B92C2228.WAV,5.442185636936942,54.0,bg_332
,1338.6463106965612,1340.0399943459104,Nothing,,,,,G:\F2\F2_20240718\B92C2228.WAV,-1.0,G:\F2\F2_20240718\B92C2228.WAV,1.3936836493492601,13.0,bg_333
,1151.0406134875,1158.0251386704876,Nothing,,,,,G:\F2\F2_20240718\B92C2228.WAV,-1.0,G:\F2\F2_20240718\B92C2228.WAV,6.984525182987594,69.0,bg_334
,3.9036955834009235,13.538417064040733,Nothing,,,,,G:\F2\F2_20240718\B92C2229.WAV,-1.0,G:\F2\F2_20240718\B92C2229.WAV,9.63472148063981,96.0,bg_335
,18.74231669882802,27.4026538741263,Nothing,,,,,G:\F2\F2_20240718\B92C2229.WAV,-1.0,G:\F2\F2_20240718\B92C2229.WAV,8.660337175298281,86.0,bg_336
,19.57155086801581,22.08695123948717,Nothing,,,,,G:\F2\F2_20240718\B92C2229.WAV,-1.0,G:\F2\F2_20240718\B92C2229.WAV,2.5154003714713635,25.0,bg_337
,7.715058705201241,16.559533176403857,Nothing,,,,,G:\F2\F2_20240718\B92C2229.WAV,-1.0,G:\F2\F2_20240718\B92C2229.WAV,8.844474471202615,88.0,bg_338
,17.39103055705317,22.80271568212275,Nothing,,,,,G:\F2\F2_20240718\B92C2229.WAV,-1.0,G:\F2\F2_20240718\B92C2229.WAV,5.411685125069577,54.0,bg_339
,1598.7992013391095,1606.7373225743572,Nothing,,,,,G:\F2\F2_20240718\B92C2231.WAV,-1.0,G:\F2\F2_20240718\B92C2231.WAV,7.938121235247807,79.0,bg_340
,1626.5320254992182,1628.0258689188636,Nothing,,,,,G:\F2\F2_20240718\B92C2231.WAV,-1.0,G:\F2\F2_20240718\B92C2231.WAV,1.4938434196453645,14.0,bg_341
,1652.4548296772496,1660.5367553175238,Nothing,,,,,G:\F2\F2_20240718\B92C2231.WAV,-1.0,G:\F2\F2_20240718\B92C2231.WAV,8.081925640274164,80.0,bg_342
,1293.536597340811,1295.9783723280848,Nothing,,,,,G:\F2\F2_20240718\B92C2231.WAV,-1.0,G:\F2\F2_20240718\B92C2231.WAV,2.4417749872735772,24.0,bg_343
,1583.6486083996383,1593.4512424198574,Nothing,,,,,G:\F2\F2_20240718\B92C2231.WAV,-1.0,G:\F2\F2_20240718\B92C2231.WAV,9.802634020219157,98.0,bg_344
,1498.562087015614,1505.8955560856768,Nothing,,,,,G:\F2\F2_20240718\B92C2232.WAV,-1.0,G:\F2\F2_20240718\B92C2232.WAV,7.333469070062824,73.0,bg_345
,1604.9164820095248,1608.4482406512216,Nothing,,,,,G:\F2\F2_20240718\B92C2232.WAV,-1.0,G:\F2\F2_20240718\B92C2232.WAV,3.531758641696827,35.0,bg_346
,268.8314779564081,274.85087700701456,Nothing,,,,,G:\F2\F2_20240718\B92C2232.WAV,-1.0,G:\F2\F2_20240718\B92C2232.WAV,6.019399050606482,60.0,bg_347
,233.16200400198602,242.54812701286772,Nothing,,,,,G:\F2\F2_20240718\B92C2232.WAV,-1.0,G:\F2\F2_20240718\B92C2232.WAV,9.3861230108817,93.0,bg_348
,217.48394797590387,219.85299869303486,Nothing,,,,,G:\F2\F2_20240718\B92C2232.WAV,-1.0,G:\F2\F2_20240718\B92C2232.WAV,2.369050717130998,23.0,bg_349
,94.96452852575311,96.71006110950219,Nothing,,,,,G:\F2\F2_20240718\B92C2233.WAV,-1.0,G:\F2\F2_20240718\B92C2233.WAV,1.7455325837490887,17.0,bg_350
,66.06814045776333,73.07148015500327,Nothing,,,,,G:\F2\F2_20240718\B92C2233.WAV,-1.0,G:\F2\F2_20240718\B92C2233.WAV,7.003339697239934,70.0,bg_351
,88.05917237910899,90.87334146001575,Nothing,,,,,G:\F2\F2_20240718\B92C2233.WAV,-1.0,G:\F2\F2_20240718\B92C2233.WAV,2.8141690809067708,28.0,bg_352
,226.4088492382967,234.06714258679915,Nothing,,,,,G:\F2\F2_20240718\B92C2233.WAV,-1.0,G:\F2\F2_20240718\B92C2233.WAV,7.6582933485024505,76.0,bg_353
,543.3012004706011,545.7210374362331,Nothing,,,,,G:\F2\F2_20240718\B92C2233.WAV,-1.0,G:\F2\F2_20240718\B92C2233.WAV,2.4198369656320406,24.0,bg_354
,170.2350527593973,175.69416962237915,Nothing,,,,,G:\F2\F2_20240803\B92C2606.WAV,-1.0,G:\F2\F2_20240803\B92C2606.WAV,5.459116862981867,54.0,bg_355
,318.1183699763951,319.0475145877947,Nothing,,,,,G:\F2\F2_20240803\B92C2606.WAV,-1.0,G:\F2\F2_20240803\B92C2606.WAV,0.9291446113995507,9.0,bg_356
,323.0749042897081,332.6885615922464,Nothing,,,,,G:\F2\F2_20240803\B92C2606.WAV,-1.0,G:\F2\F2_20240803\B92C2606.WAV,9.613657302538279,96.0,bg_357
,949.3887850118979,950.9403597151793,Nothing,,,,,G:\F2\F2_20240803\B92C2606.WAV,-1.0,G:\F2\F2_20240803\B92C2606.WAV,1.5515747032813532,15.0,bg_358
,577.1585731287057,580.4589256496639,Nothing,,,,,G:\F2\F2_20240803\B92C2606.WAV,-1.0,G:\F2\F2_20240803\B92C2606.WAV,3.300352520958156,33.0,bg_359
,1775.952893065158,1785.0184906740392,Nothing,,,,,G:\F2\F2_20240803\B92C2611.WAV,-1.0,G:\F2\F2_20240803\B92C2611.WAV,9.065597608881165,90.0,bg_360
,886.5229942275487,896.3554777170417,Nothing,,,,,G:\F2\F2_20240803\B92C2611.WAV,-1.0,G:\F2\F2_20240803\B92C2611.WAV,9.832483489493058,98.0,bg_361
,1359.3479636290895,1361.1570022204037,Nothing,,,,,G:\F2\F2_20240803\B92C2611.WAV,-1.0,G:\F2\F2_20240803\B92C2611.WAV,1.8090385913141493,18.0,bg_362
,715.9904038085622,717.4116937512642,Nothing,,,,,G:\F2\F2_20240803\B92C2611.WAV,-1.0,G:\F2\F2_20240803\B92C2611.WAV,1.4212899427020533,14.0,bg_363
,732.2889472298976,738.6481309311321,Nothing,,,,,G:\F2\F2_20240803\B92C2611.WAV,-1.0,G:\F2\F2_20240803\B92C2611.WAV,6.359183701234436,63.0,bg_364
,906.6256248442348,909.5315518510367,Nothing,,,,,G:\F2\F2_20240803\B92C2613.WAV,-1.0,G:\F2\F2_20240803\B92C2613.WAV,2.9059270068018748,29.0,bg_365
,780.0118985332267,786.0620632038083,Nothing,,,,,G:\F2\F2_20240803\B92C2613.WAV,-1.0,G:\F2\F2_20240803\B92C2613.WAV,6.050164670581573,60.0,bg_366
,1363.5105140229518,1366.822826220597,Nothing,,,,,G:\F2\F2_20240803\B92C2613.WAV,-1.0,G:\F2\F2_20240803\B92C2613.WAV,3.3123121976452445,33.0,bg_367
,818.2182876416579,825.9384298732261,Nothing,,,,,G:\F2\F2_20240803\B92C2613.WAV,-1.0,G:\F2\F2_20240803\B92C2613.WAV,7.720142231568332,77.0,bg_368
,1156.7315264468966,1159.19625495828,Nothing,,,,,G:\F2\F2_20240803\B92C2613.WAV,-1.0,G:\F2\F2_20240803\B92C2613.WAV,2.464728511383301,24.0,bg_369
,1710.8503269613745,1719.863486744399,Nothing,,,,,G:\F2\F2_20240803\B92C2614.WAV,-1.0,G:\F2\F2_20240803\B92C2614.WAV,9.013159783024488,90.0,bg_370
,303.7694883534114,306.78261655934887,Nothing,,,,,G:\F2\F2_20240803\B92C2614.WAV,-1.0,G:\F2\F2_20240803\B92C2614.WAV,3.0131282059374556,30.0,bg_371
,1744.06399684239,1748.4928921898347,Nothing,,,,,G:\F2\F2_20240803\B92C2614.WAV,-1.0,G:\F2\F2_20240803\B92C2614.WAV,4.428895347444714,44.0,bg_372
,1783.0534438847794,1785.8834041285,Nothing,,,,,G:\F2\F2_20240803\B92C2614.WAV,-1.0,G:\F2\F2_20240803\B92C2614.WAV,2.8299602437204916,28.0,bg_373
,1732.2178337180633,1741.0262975466912,Nothing,,,,,G:\F2\F2_20240803\B92C2614.WAV,-1.0,G:\F2\F2_20240803\B92C2614.WAV,8.808463828627932,88.0,bg_374
,1054.2214241996405,1059.7645029453747,Nothing,,,,,G:\F2\F2_20240818\B92C2967.WAV,-1.0,G:\F2\F2_20240818\B92C2967.WAV,5.543078745734237,55.0,bg_375
,761.8760892897575,763.9080028868508,Nothing,,,,,G:\F2\F2_20240818\B92C2967.WAV,-1.0,G:\F2\F2_20240818\B92C2967.WAV,2.031913597093279,20.0,bg_376
,415.9856061840308,424.92150005578384,Nothing,,,,,G:\F2\F2_20240818\B92C2967.WAV,-1.0,G:\F2\F2_20240818\B92C2967.WAV,8.93589387175301,89.0,bg_377
,1333.7461272326855,1338.9069024300481,Nothing,,,,,G:\F2\F2_20240818\B92C2967.WAV,-1.0,G:\F2\F2_20240818\B92C2967.WAV,5.160775197362783,51.0,bg_378
,943.4048701223553,949.0022662513377,Nothing,,,,,G:\F2\F2_20240818\B92C2967.WAV,-1.0,G:\F2\F2_20240818\B92C2967.WAV,5.597396128982348,55.0,bg_379
,344.7498145385751,346.44362114082617,Nothing,,,,,G:\F2\F2_20240818\B92C2968.WAV,-1.0,G:\F2\F2_20240818\B92C2968.WAV,1.6938066022510918,16.0,bg_380
,599.0012540439732,604.0805462600435,Nothing,,,,,G:\F2\F2_20240818\B92C2968.WAV,-1.0,G:\F2\F2_20240818\B92C2968.WAV,5.07929221607033,50.0,bg_381
,661.9733007924463,667.7402580368256,Nothing,,,,,G:\F2\F2_20240818\B92C2968.WAV,-1.0,G:\F2\F2_20240818\B92C2968.WAV,5.766957244379369,57.0,bg_382
,535.4540769210796,538.3593306792823,Nothing,,,,,G:\F2\F2_20240818\B92C2968.WAV,-1.0,G:\F2\F2_20240818\B92C2968.WAV,2.9052537582027145,29.0,bg_383
,113.99017842233097,123.20023829480833,Nothing,,,,,G:\F2\F2_20240818\B92C2968.WAV,-1.0,G:\F2\F2_20240818\B92C2968.WAV,9.210059872477359,92.0,bg_384
,269.98934430261517,276.2665718158038,Nothing,,,,,G:\F2\F2_20240818\B92C2971.WAV,-1.0,G:\F2\F2_20240818\B92C2971.WAV,6.27722751318862,62.0,bg_385
,963.1377009448312,968.6906188126188,Nothing,,,,,G:\F2\F2_20240818\B92C2971.WAV,-1.0,G:\F2\F2_20240818\B92C2971.WAV,5.552917867787647,55.0,bg_386
,497.32548449848645,507.21722153442244,Nothing,,,,,G:\F2\F2_20240818\B92C2971.WAV,-1.0,G:\F2\F2_20240818\B92C2971.WAV,9.891737035935977,98.0,bg_387
,1300.438078376501,1305.3912916981335,Nothing,,,,,G:\F2\F2_20240818\B92C2971.WAV,-1.0,G:\F2\F2_20240818\B92C2971.WAV,4.953213321632548,49.0,bg_388
,993.8088229333381,1003.055148586937,Nothing,,,,,G:\F2\F2_20240818\B92C2971.WAV,-1.0,G:\F2\F2_20240818\B92C2971.WAV,9.246325653598895,92.0,bg_389
,859.5096866652383,863.2625215949392,Nothing,,,,,G:\F2\F2_20240818\B92C2974.WAV,-1.0,G:\F2\F2_20240818\B92C2974.WAV,3.752834929700972,37.0,bg_390
,856.5073908111846,862.9231238885725,Nothing,,,,,G:\F2\F2_20240818\B92C2974.WAV,-1.0,G:\F2\F2_20240818\B92C2974.WAV,6.415733077387977,64.0,bg_391
,1745.7139734082052,1748.2275422134703,Nothing,,,,,G:\F2\F2_20240818\B92C2974.WAV,-1.0,G:\F2\F2_20240818\B92C2974.WAV,2.5135688052651544,25.0,bg_392
,2.4957256749961143,7.156626902739654,Nothing,,,,,G:\F2\F2_20240818\B92C2974.WAV,-1.0,G:\F2\F2_20240818\B92C2974.WAV,4.6609012277435395,46.0,bg_393
,1306.4668159478433,1316.4038166827495,Nothing,,,,,G:\F2\F2_20240818\B92C2974.WAV,-1.0,G:\F2\F2_20240818\B92C2974.WAV,9.93700073490619,99.0,bg_394
,1657.8547469283897,1658.944346440521,Nothing,,,,,G:\F2\F2_20240818\B92C2975.WAV,-1.0,G:\F2\F2_20240818\B92C2975.WAV,1.0895995121314748,10.0,bg_395
,1704.8676324493958,1706.814736195893,Nothing,,,,,G:\F2\F2_20240818\B92C2975.WAV,-1.0,G:\F2\F2_20240818\B92C2975.WAV,1.9471037464969692,19.0,bg_396
,509.6055335791113,513.8383437990285,Nothing,,,,,G:\F2\F2_20240818\B92C2975.WAV,-1.0,G:\F2\F2_20240818\B92C2975.WAV,4.232810219917216,42.0,bg_397
,1775.85309743839,1783.2518086580371,Nothing,,,,,G:\F2\F2_20240818\B92C2975.WAV,-1.0,G:\F2\F2_20240818\B92C2975.WAV,7.39871121964706,73.0,bg_398
,1687.6525272690233,1694.4220646297515,Nothing,,,,,G:\F2\F2_20240818\B92C2975.WAV,-1.0,G:\F2\F2_20240818\B92C2975.WAV,6.769537360728148,67.0,bg_399
,779.5273336578995,789.0529140568316,Nothing,,,,,G:\F2\F2_20240818\B92C2977.WAV,-1.0,G:\F2\F2_20240818\B92C2977.WAV,9.525580398932153,95.0,bg_400
,209.90062029186757,212.08435755373566,Nothing,,,,,G:\F2\F2_20240818\B92C2977.WAV,-1.0,G:\F2\F2_20240818\B92C2977.WAV,2.1837372618680893,21.0,bg_401
,947.8705988383649,948.7530093677942,Nothing,,,,,G:\F2\F2_20240818\B92C2977.WAV,-1.0,G:\F2\F2_20240818\B92C2977.WAV,0.8824105294292757,8.0,bg_402
,1778.4707134502246,1787.4493465022542,Nothing,,,,,G:\F2\F2_20240818\B92C2977.WAV,-1.0,G:\F2\F2_20240818\B92C2977.WAV,8.9786330520296,89.0,bg_403
,1270.1781273021988,1275.7265585123725,Nothing,,,,,G:\F2\F2_20240818\B92C2977.WAV,-1.0,G:\F2\F2_20240818\B92C2977.WAV,5.548431210173816,55.0,bg_404
,975.2883281185611,978.6618907893715,Nothing,,,,,G:\F2\F2_20240818\B92C2978.WAV,-1.0,G:\F2\F2_20240818\B92C2978.WAV,3.3735626708103172,33.0,bg_405
,1213.0416445805872,1220.55749635111,Nothing,,,,,G:\F2\F2_20240818\B92C2978.WAV,-1.0,G:\F2\F2_20240818\B92C2978.WAV,7.515851770522971,75.0,bg_406
,1148.4014808994734,1155.739414982178,Nothing,,,,,G:\F2\F2_20240818\B92C2978.WAV,-1.0,G:\F2\F2_20240818\B92C2978.WAV,7.337934082704689,73.0,bg_407
,332.5759320321906,341.69325213783094,Nothing,,,,,G:\F2\F2_20240818\B92C2978.WAV,-1.0,G:\F2\F2_20240818\B92C2978.WAV,9.117320105640331,91.0,bg_408
,1026.495841969747,1030.2482850860977,Nothing,,,,,G:\F2\F2_20240818\B92C2978.WAV,-1.0,G:\F2\F2_20240818\B92C2978.WAV,3.752443116350514,37.0,bg_409
,162.04099049345763,166.72146652167638,Nothing,,,,,G:\F2\F2_20240818\B92C2979.WAV,-1.0,G:\F2\F2_20240818\B92C2979.WAV,4.680476028218748,46.0,bg_410
,97.39016925897515,104.23132352886935,Nothing,,,,,G:\F2\F2_20240818\B92C2979.WAV,-1.0,G:\F2\F2_20240818\B92C2979.WAV,6.841154269894201,68.0,bg_411
,225.6225244755061,232.420166760502,Nothing,,,,,G:\F2\F2_20240818\B92C2979.WAV,-1.0,G:\F2\F2_20240818\B92C2979.WAV,6.797642284995905,67.0,bg_412
,119.0819178843549,121.46111143331727,Nothing,,,,,G:\F2\F2_20240818\B92C2979.WAV,-1.0,G:\F2\F2_20240818\B92C2979.WAV,2.3791935489623706,23.0,bg_413
,1100.9113629585734,1109.5873517718367,Nothing,,,,,G:\F2\F2_20240818\B92C2979.WAV,-1.0,G:\F2\F2_20240818\B92C2979.WAV,8.675988813263237,86.0,bg_414
