index,label,filepath,source_filepath,onset_s,offset_s,duration_s,n_frames,id
-1,Nothing,G:\F3\AuralF3_20240419\26D00033.WAV,G:\F3\AuralF3_20240419\26D00033.WAV,2044.234901048361,2052.087483509643,7.852582461281652,78,bg_0
-1,Nothing,G:\F3\AuralF3_20240419\26D00033.WAV,G:\F3\AuralF3_20240419\26D00033.WAV,2011.5578560471367,2018.6828523232007,7.124996276063957,71,bg_1
-1,Nothing,G:\F3\AuralF3_20240419\26D00033.WAV,G:\F3\AuralF3_20240419\26D00033.WAV,2303.5021839705055,2313.2705963110548,9.768412340549181,97,bg_2
-1,Nothing,G:\F3\AuralF3_20240419\26D00033.WAV,G:\F3\AuralF3_20240419\26D00033.WAV,2201.9017532574358,2203.6188327678533,1.717079510417686,17,bg_3
-1,Nothing,G:\F3\AuralF3_20240419\26D00033.WAV,G:\F3\AuralF3_20240419\26D00033.WAV,1829.3145148400197,1833.337096070229,4.022581230209521,40,bg_4
-1,Nothing,G:\F3\AuralF3_20240603\26D00573.WAV,G:\F3\AuralF3_20240603\26D00573.WAV,1074.8634576050752,1083.179692931148,8.316235326072885,83,bg_5
-1,Nothing,G:\F3\AuralF3_20240603\26D00573.WAV,G:\F3\AuralF3_20240603\26D00573.WAV,1.2745092363886166,3.933277093343997,2.6587678569553805,26,bg_6
-1,Nothing,G:\F3\AuralF3_20240603\26D00573.WAV,G:\F3\AuralF3_20240603\26D00573.WAV,1520.2318595561262,1528.5943556900556,8.362496133929529,83,bg_7
-1,Nothing,G:\F3\AuralF3_20240603\26D00573.WAV,G:\F3\AuralF3_20240603\26D00573.WAV,2323.0068034239125,2330.7086369547237,7.701833530811052,77,bg_8
-1,Nothing,G:\F3\AuralF3_20240603\26D00573.WAV,G:\F3\AuralF3_20240603\26D00573.WAV,10.621314743852837,19.605965396413715,8.984650652560878,89,bg_9
-1,Nothing,G:\F3\F3a_20250103\26D01286.WAV,G:\F3\F3a_20250103\26D01286.WAV,384.0503103664494,386.3993780910431,2.349067724593692,23,bg_10
-1,Nothing,G:\F3\F3a_20250103\26D01286.WAV,G:\F3\F3a_20250103\26D01286.WAV,1215.4682731321795,1217.4340233068212,1.9657501746417043,19,bg_11
-1,Nothing,G:\F3\F3a_20250103\26D01286.WAV,G:\F3\F3a_20250103\26D01286.WAV,749.0361763551189,756.6114168362432,7.575240481124263,75,bg_12
-1,Nothing,G:\F3\F3a_20250103\26D01286.WAV,G:\F3\F3a_20250103\26D01286.WAV,1708.4461128358028,1712.465480043134,4.019367207331254,40,bg_13
-1,Nothing,G:\F3\F3a_20250103\26D01286.WAV,G:\F3\F3a_20250103\26D01286.WAV,945.6380007019407,947.9379786132414,2.299977911300714,22,bg_14
-1,Nothing,G:\F3\F3a_20250403\26D01636.WAV,G:\F3\F3a_20250403\26D01636.WAV,320.2463505517533,322.90198936773675,2.6556388159833992,26,bg_15
-1,Nothing,G:\F3\F3a_20250403\26D01636.WAV,G:\F3\F3a_20250403\26D01636.WAV,333.40675879434986,338.059702023637,4.652943229287142,46,bg_16
-1,Nothing,G:\F3\F3a_20250403\26D01636.WAV,G:\F3\F3a_20250403\26D01636.WAV,1768.8446694694808,1772.3121525626102,3.46748309312939,34,bg_17
-1,Nothing,G:\F3\F3a_20250403\26D01636.WAV,G:\F3\F3a_20250403\26D01636.WAV,1677.5349266946832,1685.680188090903,8.145261396219617,81,bg_18
-1,Nothing,G:\F3\F3a_20250403\26D01636.WAV,G:\F3\F3a_20250403\26D01636.WAV,512.0040291905425,518.9877364783048,6.983707287762267,69,bg_19
-1,Nothing,G:\F3\F3a_20250118\26D01640.WAV,G:\F3\F3a_20250118\26D01640.WAV,1776.278037320465,1778.6771652439786,2.3991279235135288,23,bg_20
-1,Nothing,G:\F3\F3a_20250118\26D01640.WAV,G:\F3\F3a_20250118\26D01640.WAV,1191.5397417658817,1198.355824903506,6.816083137624306,68,bg_21
-1,Nothing,G:\F3\F3a_20250118\26D01640.WAV,G:\F3\F3a_20250118\26D01640.WAV,1751.24982071468,1759.1667465093888,7.916925794708695,79,bg_22
-1,Nothing,G:\F3\F3a_20250118\26D01640.WAV,G:\F3\F3a_20250118\26D01640.WAV,194.09628350594832,195.92435498816107,1.8280714822127457,18,bg_23
-1,Nothing,G:\F3\F3a_20250118\26D01640.WAV,G:\F3\F3a_20250118\26D01640.WAV,1751.5206624233617,1758.3704905603713,6.849828137009481,68,bg_24
-1,Nothing,G:\F3\F3a_20250118\26D01643.WAV,G:\F3\F3a_20250118\26D01643.WAV,431.4622008714605,439.22969001691274,7.7674891454522434,77,bg_25
-1,Nothing,G:\F3\F3a_20250118\26D01643.WAV,G:\F3\F3a_20250118\26D01643.WAV,118.97640137615514,124.7354056824061,5.759004306250961,57,bg_26
-1,Nothing,G:\F3\F3a_20250118\26D01643.WAV,G:\F3\F3a_20250118\26D01643.WAV,434.4494728317377,435.24224226013314,0.7927694283954243,7,bg_27
-1,Nothing,G:\F3\F3a_20250118\26D01643.WAV,G:\F3\F3a_20250118\26D01643.WAV,408.9998820467886,411.53843643857414,2.5385543917855276,25,bg_28
-1,Nothing,G:\F3\F3a_20250118\26D01643.WAV,G:\F3\F3a_20250118\26D01643.WAV,416.1910132112552,418.91343832697595,2.7224251157207373,27,bg_29
-1,Nothing,G:\F3\F3a_20250118\26D01646.WAV,G:\F3\F3a_20250118\26D01646.WAV,1758.2158042228964,1761.3889511971054,3.1731469742089673,31,bg_30
-1,Nothing,G:\F3\F3a_20250118\26D01646.WAV,G:\F3\F3a_20250118\26D01646.WAV,1727.9273022507425,1733.7191076979846,5.791805447242144,57,bg_31
-1,Nothing,G:\F3\F3a_20250118\26D01646.WAV,G:\F3\F3a_20250118\26D01646.WAV,148.9656183558216,157.1988120101489,8.23319365432733,82,bg_32
-1,Nothing,G:\F3\F3a_20250118\26D01646.WAV,G:\F3\F3a_20250118\26D01646.WAV,829.3115678362656,836.6739816669318,7.362413830666278,73,bg_33
-1,Nothing,G:\F3\F3a_20250118\26D01646.WAV,G:\F3\F3a_20250118\26D01646.WAV,1670.598270499313,1672.545235475088,1.9469649757751,19,bg_34
-1,Nothing,G:\F3\F3a_20250118\26D01649.WAV,G:\F3\F3a_20250118\26D01649.WAV,1217.6408075206468,1221.7605091685634,4.1197016479165836,41,bg_35
-1,Nothing,G:\F3\F3a_20250118\26D01649.WAV,G:\F3\F3a_20250118\26D01649.WAV,1040.3718347418796,1046.859519376509,6.48768463462944,64,bg_36
-1,Nothing,G:\F3\F3a_20250118\26D01649.WAV,G:\F3\F3a_20250118\26D01649.WAV,929.0872812779892,930.708337348134,1.6210560701448955,16,bg_37
-1,Nothing,G:\F3\F3a_20250118\26D01649.WAV,G:\F3\F3a_20250118\26D01649.WAV,254.80431632532918,263.93583288705145,9.131516561722266,91,bg_38
-1,Nothing,G:\F3\F3a_20250118\26D01649.WAV,G:\F3\F3a_20250118\26D01649.WAV,1608.4065707983168,1618.11374638312,9.707175584803377,97,bg_39
-1,Nothing,G:\F3\AuralF3_20240901\26D01659.WAV,G:\F3\AuralF3_20240901\26D01659.WAV,1447.329103101934,1454.6395598989443,7.310456797010458,73,bg_40
-1,Nothing,G:\F3\AuralF3_20240901\26D01659.WAV,G:\F3\AuralF3_20240901\26D01659.WAV,982.9514172992854,984.3671314397436,1.4157141404582432,14,bg_41
-1,Nothing,G:\F3\AuralF3_20240901\26D01659.WAV,G:\F3\AuralF3_20240901\26D01659.WAV,1491.8865591555855,1496.7164339090048,4.829874753419305,48,bg_42
-1,Nothing,G:\F3\AuralF3_20240901\26D01659.WAV,G:\F3\AuralF3_20240901\26D01659.WAV,191.69813574909165,197.70072165403965,6.0025859049480115,60,bg_43
-1,Nothing,G:\F3\AuralF3_20240901\26D01659.WAV,G:\F3\AuralF3_20240901\26D01659.WAV,778.3129855674267,786.9508212663043,8.637835698877566,86,bg_44
-1,Nothing,G:\F3\F3a_20250418\26D02000.WAV,G:\F3\F3a_20250418\26D02000.WAV,1162.252480436845,1166.8573643147085,4.604883877863485,46,bg_45
-1,Nothing,G:\F3\F3a_20250418\26D02000.WAV,G:\F3\F3a_20250418\26D02000.WAV,7.608354741979883,13.65728544665087,6.048930704670988,60,bg_46
-1,Nothing,G:\F3\F3a_20250418\26D02000.WAV,G:\F3\F3a_20250418\26D02000.WAV,167.17137305179006,171.62154337241085,4.450170320620792,44,bg_47
-1,Nothing,G:\F3\F3a_20250418\26D02000.WAV,G:\F3\F3a_20250418\26D02000.WAV,13.145210203303066,18.338122986125995,5.19291278282293,51,bg_48
-1,Nothing,G:\F3\F3a_20250418\26D02000.WAV,G:\F3\F3a_20250418\26D02000.WAV,55.62976820872617,57.11209640209041,1.4823281933642405,14,bg_49
-1,Nothing,G:\F3\F3a_20250418\26D02019.WAV,G:\F3\F3a_20250418\26D02019.WAV,974.1579297573943,976.2785629584947,2.120633201100418,21,bg_50
-1,Nothing,G:\F3\F3a_20250418\26D02019.WAV,G:\F3\F3a_20250418\26D02019.WAV,1749.7619234184576,1753.5571865615386,3.7952631430809523,37,bg_51
-1,Nothing,G:\F3\F3a_20250418\26D02019.WAV,G:\F3\F3a_20250418\26D02019.WAV,809.2662757965652,809.9829125713474,0.7166367747821263,7,bg_52
-1,Nothing,G:\F3\F3a_20250418\26D02019.WAV,G:\F3\F3a_20250418\26D02019.WAV,1691.6577355169898,1699.5937201758675,7.935984658877719,79,bg_53
-1,Nothing,G:\F3\F3a_20250418\26D02019.WAV,G:\F3\F3a_20250418\26D02019.WAV,1787.9472606472382,1793.0705147902006,5.123254142962523,51,bg_54
-1,Nothing,G:\F1\F1_20240421\279C0115.WAV,G:\F1\F1_20240421\279C0115.WAV,167.0151396958362,172.94655619340892,5.931416497572716,59,bg_55
-1,Nothing,G:\F1\F1_20240421\279C0115.WAV,G:\F1\F1_20240421\279C0115.WAV,1123.8716622305017,1126.9079310298746,3.036268799372989,30,bg_56
-1,Nothing,G:\F1\F1_20240421\279C0115.WAV,G:\F1\F1_20240421\279C0115.WAV,7.650553977623867,12.32021285052181,4.669658872897943,46,bg_57
-1,Nothing,G:\F1\F1_20240421\279C0115.WAV,G:\F1\F1_20240421\279C0115.WAV,49.13125116075434,57.481024440600734,8.3497732798464,83,bg_58
-1,Nothing,G:\F1\F1_20240421\279C0115.WAV,G:\F1\F1_20240421\279C0115.WAV,544.8449514637302,550.6082948273512,5.76334336362097,57,bg_59
-1,Nothing,G:\F2\F2a_20250203\279C0246.WAV,G:\F2\F2a_20250203\279C0246.WAV,461.354310378847,468.2405912627252,6.886280883878211,68,bg_60
-1,Nothing,G:\F2\F2a_20250203\279C0246.WAV,G:\F2\F2a_20250203\279C0246.WAV,537.3718776680662,544.7783265037916,7.406448835725385,74,bg_61
-1,Nothing,G:\F2\F2a_20250203\279C0246.WAV,G:\F2\F2a_20250203\279C0246.WAV,990.0040186556612,991.5275576422422,1.5235389865810174,15,bg_62
-1,Nothing,G:\F2\F2a_20250203\279C0246.WAV,G:\F2\F2a_20250203\279C0246.WAV,1331.3513537541003,1332.206773037774,0.8554192836737079,8,bg_63
-1,Nothing,G:\F2\F2a_20250203\279C0246.WAV,G:\F2\F2a_20250203\279C0246.WAV,567.7936187282822,571.8173804249755,4.0237616966931675,40,bg_64
-1,Nothing,G:\F2\F2a_20250203\279C0252.WAV,G:\F2\F2a_20250203\279C0252.WAV,1751.5195945566586,1755.0324140384744,3.5128194818157956,35,bg_65
-1,Nothing,G:\F2\F2a_20250203\279C0252.WAV,G:\F2\F2a_20250203\279C0252.WAV,1085.4006296605776,1088.6643491229088,3.2637194623311268,32,bg_66
-1,Nothing,G:\F2\F2a_20250203\279C0252.WAV,G:\F2\F2a_20250203\279C0252.WAV,997.0428233526641,1006.4352372681292,9.392413915465152,93,bg_67
-1,Nothing,G:\F2\F2a_20250203\279C0252.WAV,G:\F2\F2a_20250203\279C0252.WAV,828.3312678935489,829.257918777776,0.9266508842271254,9,bg_68
-1,Nothing,G:\F2\F2a_20250203\279C0252.WAV,G:\F2\F2a_20250203\279C0252.WAV,618.8376172782105,627.8085513076321,8.970934029421683,89,bg_69
-1,Nothing,G:\F2\F2a_20250203\279C0263.WAV,G:\F2\F2a_20250203\279C0263.WAV,569.7347426127455,578.6972712760916,8.962528663345987,89,bg_70
-1,Nothing,G:\F2\F2a_20250203\279C0263.WAV,G:\F2\F2a_20250203\279C0263.WAV,1679.4771503459012,1682.9784763382938,3.5013259923925335,35,bg_71
-1,Nothing,G:\F2\F2a_20250203\279C0263.WAV,G:\F2\F2a_20250203\279C0263.WAV,1127.8618002131666,1134.6475822132604,6.785782000093731,67,bg_72
-1,Nothing,G:\F2\F2a_20250203\279C0263.WAV,G:\F2\F2a_20250203\279C0263.WAV,1154.0788760761593,1161.673377383975,7.594501307815747,75,bg_73
-1,Nothing,G:\F2\F2a_20250203\279C0263.WAV,G:\F2\F2a_20250203\279C0263.WAV,1345.3476300642947,1354.7473549943657,9.399724930070903,93,bg_74
-1,Nothing,G:\F2\F2a_20250203\279C0265.WAV,G:\F2\F2a_20250203\279C0265.WAV,96.3286822338605,104.72425261904712,8.395570385186609,83,bg_75
-1,Nothing,G:\F2\F2a_20250203\279C0265.WAV,G:\F2\F2a_20250203\279C0265.WAV,897.7428650613977,899.9459139888962,2.2030489274985214,22,bg_76
-1,Nothing,G:\F2\F2a_20250203\279C0265.WAV,G:\F2\F2a_20250203\279C0265.WAV,1139.8763524554856,1142.2424817797742,2.366129324288446,23,bg_77
-1,Nothing,G:\F2\F2a_20250203\279C0265.WAV,G:\F2\F2a_20250203\279C0265.WAV,784.8173746664918,792.702720629783,7.885345963291186,78,bg_78
-1,Nothing,G:\F2\F2a_20250203\279C0265.WAV,G:\F2\F2a_20250203\279C0265.WAV,1643.3641605349883,1645.2311868092252,1.8670262742368824,18,bg_79
-1,Nothing,G:\F2\F2a_20250203\279C0268.WAV,G:\F2\F2a_20250203\279C0268.WAV,69.45748483002261,72.13921711501173,2.681732284989125,26,bg_80
-1,Nothing,G:\F2\F2a_20250203\279C0268.WAV,G:\F2\F2a_20250203\279C0268.WAV,52.41557386667614,54.072982660647185,1.6574087939710456,16,bg_81
-1,Nothing,G:\F2\F2a_20250203\279C0268.WAV,G:\F2\F2a_20250203\279C0268.WAV,1664.5606536578232,1671.6561467964307,7.095493138607422,70,bg_82
-1,Nothing,G:\F2\F2a_20250203\279C0268.WAV,G:\F2\F2a_20250203\279C0268.WAV,1152.9453210227382,1161.0845040214697,8.139182998731496,81,bg_83
-1,Nothing,G:\F2\F2a_20250203\279C0268.WAV,G:\F2\F2a_20250203\279C0268.WAV,1652.310123253703,1659.8304712909007,7.520348037197647,75,bg_84
-1,Nothing,G:\F2\F2a_20250211\279C0439.WAV,G:\F2\F2a_20250211\279C0439.WAV,237.01710393911432,246.32894817367614,9.311844234561823,93,bg_85
-1,Nothing,G:\F2\F2a_20250211\279C0439.WAV,G:\F2\F2a_20250211\279C0439.WAV,384.52232819790623,387.88134076982516,3.3590125719189277,33,bg_86
-1,Nothing,G:\F2\F2a_20250211\279C0439.WAV,G:\F2\F2a_20250211\279C0439.WAV,1174.653603633315,1184.2320245752612,9.578420941946215,95,bg_87
-1,Nothing,G:\F2\F2a_20250211\279C0439.WAV,G:\F2\F2a_20250211\279C0439.WAV,1201.5186625376784,1210.8043426161428,9.285680078464258,92,bg_88
-1,Nothing,G:\F2\F2a_20250211\279C0439.WAV,G:\F2\F2a_20250211\279C0439.WAV,0.7731819830636394,7.295945544033948,6.522763560970309,65,bg_89
-1,Nothing,G:\F2\F2a_20250211\279C0440.WAV,G:\F2\F2a_20250211\279C0440.WAV,1735.7900904828912,1737.6233166549982,1.83322617210717,18,bg_90
-1,Nothing,G:\F2\F2a_20250211\279C0440.WAV,G:\F2\F2a_20250211\279C0440.WAV,146.15929244761097,152.3216967033375,6.162404255726542,61,bg_91
-1,Nothing,G:\F2\F2a_20250211\279C0440.WAV,G:\F2\F2a_20250211\279C0440.WAV,222.41018213053064,227.3503073453059,4.94012521477527,49,bg_92
-1,Nothing,G:\F2\F2a_20250211\279C0440.WAV,G:\F2\F2a_20250211\279C0440.WAV,148.47422054031898,150.01108850959346,1.536867969274482,15,bg_93
-1,Nothing,G:\F2\F2a_20250211\279C0440.WAV,G:\F2\F2a_20250211\279C0440.WAV,1160.473129972934,1163.183217021615,2.71008704868112,27,bg_94
-1,Nothing,G:\F2\F2a_20250211\279C0441.WAV,G:\F2\F2a_20250211\279C0441.WAV,1124.348591415911,1133.092111476783,8.743520060872106,87,bg_95
-1,Nothing,G:\F2\F2a_20250211\279C0441.WAV,G:\F2\F2a_20250211\279C0441.WAV,45.12287572528756,49.54230563338752,4.419429908099963,44,bg_96
-1,Nothing,G:\F2\F2a_20250211\279C0441.WAV,G:\F2\F2a_20250211\279C0441.WAV,89.9393946574862,96.63273940049596,6.693344743009755,66,bg_97
-1,Nothing,G:\F2\F2a_20250211\279C0441.WAV,G:\F2\F2a_20250211\279C0441.WAV,509.4831265988437,514.2951469785685,4.8120203797248475,48,bg_98
-1,Nothing,G:\F2\F2a_20250211\279C0441.WAV,G:\F2\F2a_20250211\279C0441.WAV,83.93009300215624,91.51722866446899,7.587135662312741,75,bg_99
-1,Nothing,G:\F2\F2a_20250211\279C0443.WAV,G:\F2\F2a_20250211\279C0443.WAV,1633.9617521853388,1635.461893943953,1.5001417586141872,15,bg_100
-1,Nothing,G:\F2\F2a_20250211\279C0443.WAV,G:\F2\F2a_20250211\279C0443.WAV,1083.4234888964825,1085.312134716313,1.8886458198306337,18,bg_101
-1,Nothing,G:\F2\F2a_20250211\279C0443.WAV,G:\F2\F2a_20250211\279C0443.WAV,1764.6876044056414,1768.1357838079202,3.448179402278707,34,bg_102
-1,Nothing,G:\F2\F2a_20250211\279C0443.WAV,G:\F2\F2a_20250211\279C0443.WAV,374.00586541348474,376.0784167794699,2.0725513659851424,20,bg_103
-1,Nothing,G:\F2\F2a_20250211\279C0443.WAV,G:\F2\F2a_20250211\279C0443.WAV,1317.9646955368332,1319.9240227911578,1.959327254324557,19,bg_104
-1,Nothing,G:\F2\F2a_20250211\279C0444.WAV,G:\F2\F2a_20250211\279C0444.WAV,18.386558567255076,19.412814954315547,1.026256387060471,10,bg_105
-1,Nothing,G:\F2\F2a_20250211\279C0444.WAV,G:\F2\F2a_20250211\279C0444.WAV,329.55975950687747,330.56688786683566,1.0071283599581662,10,bg_106
-1,Nothing,G:\F2\F2a_20250211\279C0444.WAV,G:\F2\F2a_20250211\279C0444.WAV,574.7534565177746,578.9929458576788,4.239489339904268,42,bg_107
-1,Nothing,G:\F2\F2a_20250211\279C0444.WAV,G:\F2\F2a_20250211\279C0444.WAV,1216.4021605366665,1221.6951597883776,5.292999251711186,52,bg_108
-1,Nothing,G:\F2\F2a_20250211\279C0444.WAV,G:\F2\F2a_20250211\279C0444.WAV,1345.847586202527,1346.7605992916485,0.9130130891215235,9,bg_109
-1,Nothing,G:\F2\F2a_20250211\279C0445.WAV,G:\F2\F2a_20250211\279C0445.WAV,1050.5985272868656,1053.3476035623573,2.7490762754917624,27,bg_110
-1,Nothing,G:\F2\F2a_20250211\279C0445.WAV,G:\F2\F2a_20250211\279C0445.WAV,979.7201859644861,984.1746790086664,4.454493044180326,44,bg_111
-1,Nothing,G:\F2\F2a_20250211\279C0445.WAV,G:\F2\F2a_20250211\279C0445.WAV,1339.1306435089948,1343.1799778243608,4.049334315365931,40,bg_112
-1,Nothing,G:\F2\F2a_20250211\279C0445.WAV,G:\F2\F2a_20250211\279C0445.WAV,1126.8228327536638,1135.2406890146551,8.417856260991318,84,bg_113
-1,Nothing,G:\F2\F2a_20250211\279C0445.WAV,G:\F2\F2a_20250211\279C0445.WAV,1240.0987939626996,1249.3847917183712,9.28599775567159,92,bg_114
-1,Nothing,G:\F2\F2a_20250211\279C0446.WAV,G:\F2\F2a_20250211\279C0446.WAV,279.34103158882425,288.41623645613663,9.075204867312362,90,bg_115
-1,Nothing,G:\F2\F2a_20250211\279C0446.WAV,G:\F2\F2a_20250211\279C0446.WAV,1071.6670979911737,1079.786343853773,8.11924586259914,81,bg_116
-1,Nothing,G:\F2\F2a_20250211\279C0446.WAV,G:\F2\F2a_20250211\279C0446.WAV,1276.539283724668,1284.4397490931601,7.900465368492226,79,bg_117
-1,Nothing,G:\F2\F2a_20250211\279C0446.WAV,G:\F2\F2a_20250211\279C0446.WAV,786.6982203333419,792.2908666748444,5.5926463415025545,55,bg_118
-1,Nothing,G:\F2\F2a_20250211\279C0446.WAV,G:\F2\F2a_20250211\279C0446.WAV,993.4684709840631,998.3650649572014,4.896593973138401,48,bg_119
-1,Nothing,G:\F2\F2a_20250211\279C0450.WAV,G:\F2\F2a_20250211\279C0450.WAV,57.846671898334556,64.4225229750871,6.575851076752546,65,bg_120
-1,Nothing,G:\F2\F2a_20250211\279C0450.WAV,G:\F2\F2a_20250211\279C0450.WAV,173.18049865797133,178.22033276119691,5.039834103225585,50,bg_121
-1,Nothing,G:\F2\F2a_20250211\279C0450.WAV,G:\F2\F2a_20250211\279C0450.WAV,890.7256020363515,893.4350164713758,2.7094144350243,27,bg_122
-1,Nothing,G:\F2\F2a_20250211\279C0450.WAV,G:\F2\F2a_20250211\279C0450.WAV,905.9701667593013,909.5813746212204,3.6112078619191816,36,bg_123
-1,Nothing,G:\F2\F2a_20250211\279C0450.WAV,G:\F2\F2a_20250211\279C0450.WAV,392.2924415962663,399.3070033780978,7.014561781831481,70,bg_124
-1,Nothing,G:\F2\F2a_20250211\279C0454.WAV,G:\F2\F2a_20250211\279C0454.WAV,42.65035590679493,51.85566209240762,9.20530618561269,92,bg_125
-1,Nothing,G:\F2\F2a_20250211\279C0454.WAV,G:\F2\F2a_20250211\279C0454.WAV,79.99597684881662,83.61540829636117,3.6194314475445437,36,bg_126
-1,Nothing,G:\F2\F2a_20250211\279C0454.WAV,G:\F2\F2a_20250211\279C0454.WAV,1462.5377050010043,1469.2372847363251,6.699579735320969,66,bg_127
-1,Nothing,G:\F2\F2a_20250211\279C0454.WAV,G:\F2\F2a_20250211\279C0454.WAV,589.7941552534987,595.3550168761233,5.5608616226245315,55,bg_128
-1,Nothing,G:\F2\F2a_20250211\279C0454.WAV,G:\F2\F2a_20250211\279C0454.WAV,444.2834809494543,451.76496599140205,7.481485041947763,74,bg_129
-1,Nothing,G:\F2\F2a_20250211\279C0461.WAV,G:\F2\F2a_20250211\279C0461.WAV,68.35563872922171,75.45622095299744,7.100582223775733,71,bg_130
-1,Nothing,G:\F2\F2a_20250211\279C0461.WAV,G:\F2\F2a_20250211\279C0461.WAV,323.5046921853959,329.84129972054416,6.336607535148238,63,bg_131
-1,Nothing,G:\F2\F2a_20250211\279C0461.WAV,G:\F2\F2a_20250211\279C0461.WAV,150.62066315786592,158.0149616264445,7.3942984685785555,73,bg_132
-1,Nothing,G:\F2\F2a_20250211\279C0461.WAV,G:\F2\F2a_20250211\279C0461.WAV,25.61516698755372,27.42054232291284,1.8053753353591206,18,bg_133
-1,Nothing,G:\F2\F2a_20250211\279C0461.WAV,G:\F2\F2a_20250211\279C0461.WAV,134.36399304463538,142.4723927174438,8.108399672808417,81,bg_134
-1,Nothing,G:\F1\F1_20240518\279C0760.WAV,G:\F1\F1_20240518\279C0760.WAV,1776.1374233638508,1784.1910143341902,8.053590970339316,80,bg_135
-1,Nothing,G:\F1\F1_20240518\279C0760.WAV,G:\F1\F1_20240518\279C0760.WAV,1526.507040982642,1529.4141828441143,2.9071418614722786,29,bg_136
-1,Nothing,G:\F1\F1_20240518\279C0760.WAV,G:\F1\F1_20240518\279C0760.WAV,1548.7181651865317,1555.0717393367609,6.353574150229153,63,bg_137
-1,Nothing,G:\F1\F1_20240518\279C0760.WAV,G:\F1\F1_20240518\279C0760.WAV,695.180402103666,701.0474329126541,5.867030808988198,58,bg_138
-1,Nothing,G:\F1\F1_20240518\279C0760.WAV,G:\F1\F1_20240518\279C0760.WAV,1724.5909669210562,1730.0559687884308,5.465001867374666,54,bg_139
-1,Nothing,G:\F1\F1_20240518\279C0768.WAV,G:\F1\F1_20240518\279C0768.WAV,271.1774159280358,279.2702407349005,8.092824806864634,80,bg_140
-1,Nothing,G:\F1\F1_20240518\279C0768.WAV,G:\F1\F1_20240518\279C0768.WAV,270.21383313570465,279.5605773747606,9.346744239055967,93,bg_141
-1,Nothing,G:\F1\F1_20240518\279C0768.WAV,G:\F1\F1_20240518\279C0768.WAV,1279.1706755773537,1280.7831594534048,1.6124838760510498,16,bg_142
-1,Nothing,G:\F1\F1_20240518\279C0768.WAV,G:\F1\F1_20240518\279C0768.WAV,185.5546837925177,190.0314626500263,4.476778857508605,44,bg_143
-1,Nothing,G:\F1\F1_20240518\279C0768.WAV,G:\F1\F1_20240518\279C0768.WAV,1639.4608018042618,1646.3375002306934,6.87669842643163,68,bg_144
-1,Nothing,G:\F1\F1_20240518\279C0770.WAV,G:\F1\F1_20240518\279C0770.WAV,175.00822668309948,182.75228208027067,7.744055397171197,77,bg_145
-1,Nothing,G:\F1\F1_20240518\279C0770.WAV,G:\F1\F1_20240518\279C0770.WAV,835.9542233956479,839.9140475644824,3.9598241688345133,39,bg_146
-1,Nothing,G:\F1\F1_20240518\279C0770.WAV,G:\F1\F1_20240518\279C0770.WAV,611.0450863202357,612.9490283593865,1.9039420391508206,19,bg_147
-1,Nothing,G:\F1\F1_20240518\279C0770.WAV,G:\F1\F1_20240518\279C0770.WAV,1487.484067822555,1492.1441561759432,4.660088353388156,46,bg_148
-1,Nothing,G:\F1\F1_20240518\279C0770.WAV,G:\F1\F1_20240518\279C0770.WAV,607.4495973826362,613.2030315025387,5.75343411990255,57,bg_149
-1,Nothing,G:\F1\F1_20240618\279C1506.WAV,G:\F1\F1_20240618\279C1506.WAV,1515.799979124961,1523.7128433171004,7.912864192139226,79,bg_150
-1,Nothing,G:\F1\F1_20240618\279C1506.WAV,G:\F1\F1_20240618\279C1506.WAV,935.6794214887033,945.5524211654844,9.87299967678106,98,bg_151
-1,Nothing,G:\F1\F1_20240618\279C1506.WAV,G:\F1\F1_20240618\279C1506.WAV,1109.0505423138543,1118.5868915838907,9.53634927003649,95,bg_152
-1,Nothing,G:\F1\F1_20240618\279C1506.WAV,G:\F1\F1_20240618\279C1506.WAV,159.34319637245417,165.89539827037063,6.552201897916472,65,bg_153
-1,Nothing,G:\F1\F1_20240618\279C1506.WAV,G:\F1\F1_20240618\279C1506.WAV,16.084464468822166,22.172915468529762,6.088450999707597,60,bg_154
-1,Nothing,G:\F1\F1_20240703\279C1863.WAV,G:\F1\F1_20240703\279C1863.WAV,1760.979889697225,1765.7959103347216,4.816020637496592,48,bg_155
-1,Nothing,G:\F1\F1_20240703\279C1863.WAV,G:\F1\F1_20240703\279C1863.WAV,1686.481604400411,1689.78751514118,3.3059107407688537,33,bg_156
-1,Nothing,G:\F1\F1_20240703\279C1863.WAV,G:\F1\F1_20240703\279C1863.WAV,1590.1615743673087,1593.5298845860125,3.36831021870367,33,bg_157
-1,Nothing,G:\F1\F1_20240703\279C1863.WAV,G:\F1\F1_20240703\279C1863.WAV,1589.7542643571296,1597.676557693729,7.922293336599401,79,bg_158
-1,Nothing,G:\F1\F1_20240703\279C1863.WAV,G:\F1\F1_20240703\279C1863.WAV,430.36788616758656,439.22028639851015,8.85240023092358,88,bg_159
-1,Nothing,G:\F1\F1_20240703\279C1864.WAV,G:\F1\F1_20240703\279C1864.WAV,670.8243757199252,679.2748932267042,8.450517506778914,84,bg_160
-1,Nothing,G:\F1\F1_20240703\279C1864.WAV,G:\F1\F1_20240703\279C1864.WAV,437.5679387257974,444.3919437188095,6.8240049930121005,68,bg_161
-1,Nothing,G:\F1\F1_20240703\279C1864.WAV,G:\F1\F1_20240703\279C1864.WAV,741.7269905076334,743.0861774139827,1.3591869063492612,13,bg_162
-1,Nothing,G:\F1\F1_20240703\279C1864.WAV,G:\F1\F1_20240703\279C1864.WAV,865.6400647678719,868.4279313192628,2.7878665513908967,27,bg_163
-1,Nothing,G:\F1\F1_20240703\279C1864.WAV,G:\F1\F1_20240703\279C1864.WAV,1695.4846339379128,1703.3639293744889,7.879295436576077,78,bg_164
-1,Nothing,G:\F1\F1_20240703\279C1867.WAV,G:\F1\F1_20240703\279C1867.WAV,12.65018908908084,19.384744962691997,6.734555873611156,67,bg_165
-1,Nothing,G:\F1\F1_20240703\279C1867.WAV,G:\F1\F1_20240703\279C1867.WAV,22.96964063649198,23.521224060714637,0.5515834242226544,5,bg_166
-1,Nothing,G:\F1\F1_20240703\279C1867.WAV,G:\F1\F1_20240703\279C1867.WAV,14.655962582079745,22.77003978524419,8.114077203164445,81,bg_167
-1,Nothing,G:\F1\F1_20240703\279C1867.WAV,G:\F1\F1_20240703\279C1867.WAV,20.003643731688904,28.573027739458098,8.569384007769193,85,bg_168
-1,Nothing,G:\F1\F1_20240703\279C1867.WAV,G:\F1\F1_20240703\279C1867.WAV,19.148731239760494,28.462787826397157,9.314056586636664,93,bg_169
-1,Nothing,G:\F1\F1_20240703\279C1870.WAV,G:\F1\F1_20240703\279C1870.WAV,1649.889077122373,1657.02122457017,7.1321474477970535,71,bg_170
-1,Nothing,G:\F1\F1_20240703\279C1870.WAV,G:\F1\F1_20240703\279C1870.WAV,1747.3674679293404,1749.7843979811714,2.4169300518310264,24,bg_171
-1,Nothing,G:\F1\F1_20240703\279C1870.WAV,G:\F1\F1_20240703\279C1870.WAV,1585.5745829121413,1590.8676273189747,5.293044406833372,52,bg_172
-1,Nothing,G:\F1\F1_20240703\279C1870.WAV,G:\F1\F1_20240703\279C1870.WAV,1659.5216985851769,1668.1074440329153,8.585745447738383,85,bg_173
-1,Nothing,G:\F1\F1_20240703\279C1870.WAV,G:\F1\F1_20240703\279C1870.WAV,294.6131658011792,302.09206617456323,7.478900373384035,74,bg_174
-1,Nothing,G:\F1\F1_20240703\279C1871.WAV,G:\F1\F1_20240703\279C1871.WAV,251.72335744440926,258.9674520685816,7.244094624172387,72,bg_175
-1,Nothing,G:\F1\F1_20240703\279C1871.WAV,G:\F1\F1_20240703\279C1871.WAV,1246.3864382749541,1252.6961025317362,6.3096642567821615,63,bg_176
-1,Nothing,G:\F1\F1_20240703\279C1871.WAV,G:\F1\F1_20240703\279C1871.WAV,232.6617678201766,233.5640980601882,0.9023302400115873,9,bg_177
-1,Nothing,G:\F1\F1_20240703\279C1871.WAV,G:\F1\F1_20240703\279C1871.WAV,905.8332837996596,913.0742775081155,7.240993708455897,72,bg_178
-1,Nothing,G:\F1\F1_20240703\279C1871.WAV,G:\F1\F1_20240703\279C1871.WAV,256.57840144847347,258.8219671228365,2.2435656743630306,22,bg_179
-1,Nothing,G:\F1\F1_20240703\279C1878.WAV,G:\F1\F1_20240703\279C1878.WAV,1554.4107841749708,1559.2671102783265,4.856326103355653,48,bg_180
-1,Nothing,G:\F1\F1_20240703\279C1878.WAV,G:\F1\F1_20240703\279C1878.WAV,1228.9061643564264,1234.8440892810336,5.937924924607055,59,bg_181
-1,Nothing,G:\F1\F1_20240703\279C1878.WAV,G:\F1\F1_20240703\279C1878.WAV,1513.0646677782127,1522.5519000870145,9.487232308801904,94,bg_182
-1,Nothing,G:\F1\F1_20240703\279C1878.WAV,G:\F1\F1_20240703\279C1878.WAV,729.8017747885441,736.9496462621403,7.147871473596128,71,bg_183
-1,Nothing,G:\F1\F1_20240703\279C1878.WAV,G:\F1\F1_20240703\279C1878.WAV,570.2753650205283,579.7110119126357,9.435646892107425,94,bg_184
-1,Nothing,G:\F1\F1_20240718\279C2223.WAV,G:\F1\F1_20240718\279C2223.WAV,9.719355700303083,14.057682412340359,4.338326712037277,43,bg_185
-1,Nothing,G:\F1\F1_20240718\279C2223.WAV,G:\F1\F1_20240718\279C2223.WAV,1669.8617438125636,1671.4943103114422,1.6325664988785737,16,bg_186
-1,Nothing,G:\F1\F1_20240718\279C2223.WAV,G:\F1\F1_20240718\279C2223.WAV,9.174803856008092,12.569497591735988,3.3946937357278975,33,bg_187
-1,Nothing,G:\F1\F1_20240718\279C2223.WAV,G:\F1\F1_20240718\279C2223.WAV,649.1230330957865,655.4274147926344,6.304381696847969,63,bg_188
-1,Nothing,G:\F1\F1_20240718\279C2223.WAV,G:\F1\F1_20240718\279C2223.WAV,1563.7554614846572,1568.1389010242299,4.383439539572622,43,bg_189
-1,Nothing,G:\F1\F1_20240718\279C2224.WAV,G:\F1\F1_20240718\279C2224.WAV,1592.6499824100115,1598.738891769897,6.088909359885578,60,bg_190
-1,Nothing,G:\F1\F1_20240718\279C2224.WAV,G:\F1\F1_20240718\279C2224.WAV,748.8049403876734,753.2797408071635,4.474800419490174,44,bg_191
-1,Nothing,G:\F1\F1_20240718\279C2224.WAV,G:\F1\F1_20240718\279C2224.WAV,894.5684682300621,897.2116004780021,2.643132247940004,26,bg_192
-1,Nothing,G:\F1\F1_20240718\279C2224.WAV,G:\F1\F1_20240718\279C2224.WAV,1719.741135939387,1726.9101566599356,7.169020720548528,71,bg_193
-1,Nothing,G:\F1\F1_20240718\279C2224.WAV,G:\F1\F1_20240718\279C2224.WAV,1749.0920232340216,1755.7901372709714,6.6981140369498,66,bg_194
-1,Nothing,G:\F1\F1_20240718\279C2227.WAV,G:\F1\F1_20240718\279C2227.WAV,1567.18400201188,1572.900873656077,5.716871644196955,57,bg_195
-1,Nothing,G:\F1\F1_20240718\279C2227.WAV,G:\F1\F1_20240718\279C2227.WAV,1696.69810573628,1703.1452243052202,6.447118568940042,64,bg_196
-1,Nothing,G:\F1\F1_20240718\279C2227.WAV,G:\F1\F1_20240718\279C2227.WAV,1581.0991427025174,1588.5978467430984,7.498704040581092,74,bg_197
-1,Nothing,G:\F1\F1_20240718\279C2227.WAV,G:\F1\F1_20240718\279C2227.WAV,1768.6499167261768,1777.8999601004812,9.25004337430432,92,bg_198
-1,Nothing,G:\F1\F1_20240718\279C2227.WAV,G:\F1\F1_20240718\279C2227.WAV,1695.709219364134,1703.8079882663906,8.098768902256445,80,bg_199
-1,Nothing,G:\F1\F1_20240718\279C2228.WAV,G:\F1\F1_20240718\279C2228.WAV,466.5134343319457,474.96856677422386,8.455132442278153,84,bg_200
-1,Nothing,G:\F1\F1_20240718\279C2228.WAV,G:\F1\F1_20240718\279C2228.WAV,638.7280726514398,639.9126345486328,1.1845618971929652,11,bg_201
-1,Nothing,G:\F1\F1_20240718\279C2228.WAV,G:\F1\F1_20240718\279C2228.WAV,46.47084104623634,47.49873625685168,1.02789521061534,10,bg_202
-1,Nothing,G:\F1\F1_20240718\279C2228.WAV,G:\F1\F1_20240718\279C2228.WAV,437.15431331440504,439.2977605437252,2.1434472293201408,21,bg_203
-1,Nothing,G:\F1\F1_20240718\279C2228.WAV,G:\F1\F1_20240718\279C2228.WAV,109.64383968953555,117.19941907342387,7.555579383888314,75,bg_204
-1,Nothing,G:\F1\F1_20240718\279C2230.WAV,G:\F1\F1_20240718\279C2230.WAV,193.28368279107667,201.920889015035,8.637206223958303,86,bg_205
-1,Nothing,G:\F1\F1_20240718\279C2230.WAV,G:\F1\F1_20240718\279C2230.WAV,192.14493560322032,198.3529194786986,6.207983875478268,62,bg_206
-1,Nothing,G:\F1\F1_20240718\279C2230.WAV,G:\F1\F1_20240718\279C2230.WAV,261.89510311348005,265.8618370437234,3.966733930243399,39,bg_207
-1,Nothing,G:\F1\F1_20240718\279C2230.WAV,G:\F1\F1_20240718\279C2230.WAV,937.9541371331759,945.7891336010445,7.834996467868563,78,bg_208
-1,Nothing,G:\F1\F1_20240718\279C2230.WAV,G:\F1\F1_20240718\279C2230.WAV,48.8976001594094,55.93041812648728,7.032817967077879,70,bg_209
-1,Nothing,G:\F1\F1_20240718\279C2241.WAV,G:\F1\F1_20240718\279C2241.WAV,1161.2121484684983,1167.8005904970669,6.588442028568514,65,bg_210
-1,Nothing,G:\F1\F1_20240718\279C2241.WAV,G:\F1\F1_20240718\279C2241.WAV,1259.6829186679697,1262.168966424691,2.4860477567212937,24,bg_211
-1,Nothing,G:\F1\F1_20240718\279C2241.WAV,G:\F1\F1_20240718\279C2241.WAV,1120.07740233301,1122.1535175778372,2.0761152448270694,20,bg_212
-1,Nothing,G:\F1\F1_20240718\279C2241.WAV,G:\F1\F1_20240718\279C2241.WAV,1687.8382004561163,1697.7349639816105,9.896763525494253,98,bg_213
-1,Nothing,G:\F1\F1_20240718\279C2241.WAV,G:\F1\F1_20240718\279C2241.WAV,1013.704905325825,1023.6129611369247,9.908055811099588,99,bg_214
-1,Nothing,G:\F1\F1_20240803\279C2624.WAV,G:\F1\F1_20240803\279C2624.WAV,979.2721804553788,984.0305137812951,4.758333325916335,47,bg_215
-1,Nothing,G:\F1\F1_20240803\279C2624.WAV,G:\F1\F1_20240803\279C2624.WAV,607.9753992575617,615.6510358991118,7.6756366415500725,76,bg_216
-1,Nothing,G:\F1\F1_20240803\279C2624.WAV,G:\F1\F1_20240803\279C2624.WAV,1157.262313996194,1162.220919871003,4.958605874808812,49,bg_217
-1,Nothing,G:\F1\F1_20240803\279C2624.WAV,G:\F1\F1_20240803\279C2624.WAV,342.36342315001673,351.4809075605008,9.117484410484042,91,bg_218
-1,Nothing,G:\F1\F1_20240803\279C2624.WAV,G:\F1\F1_20240803\279C2624.WAV,425.81767684687543,428.52977355384064,2.7120967069652093,27,bg_219
-1,Nothing,G:\F1\F1_20240818\279C2978.WAV,G:\F1\F1_20240818\279C2978.WAV,558.9276460707572,564.9988752143978,6.071229143640561,60,bg_220
-1,Nothing,G:\F1\F1_20240818\279C2978.WAV,G:\F1\F1_20240818\279C2978.WAV,567.3772007701585,568.676296448449,1.2990956782903793,12,bg_221
-1,Nothing,G:\F1\F1_20240818\279C2978.WAV,G:\F1\F1_20240818\279C2978.WAV,939.9122368904225,946.4693295449679,6.557092654545361,65,bg_222
-1,Nothing,G:\F1\F1_20240818\279C2978.WAV,G:\F1\F1_20240818\279C2978.WAV,1133.472924321828,1141.2205030027035,7.7475786808755265,77,bg_223
-1,Nothing,G:\F1\F1_20240818\279C2978.WAV,G:\F1\F1_20240818\279C2978.WAV,1277.551091602182,1281.5338712590417,3.9827796568598175,39,bg_224
-1,Nothing,G:\F1\F1_20240818\279C2980.WAV,G:\F1\F1_20240818\279C2980.WAV,464.77256639783354,473.2951156940618,8.522549296228272,85,bg_225
-1,Nothing,G:\F1\F1_20240818\279C2980.WAV,G:\F1\F1_20240818\279C2980.WAV,1170.2219690779555,1178.0239311778196,7.8019620998641015,78,bg_226
-1,Nothing,G:\F1\F1_20240818\279C2980.WAV,G:\F1\F1_20240818\279C2980.WAV,1272.8536369306448,1281.9943832474225,9.140746316777824,91,bg_227
-1,Nothing,G:\F1\F1_20240818\279C2980.WAV,G:\F1\F1_20240818\279C2980.WAV,466.67100383412895,475.2486096730493,8.577605838920357,85,bg_228
-1,Nothing,G:\F1\F1_20240818\279C2980.WAV,G:\F1\F1_20240818\279C2980.WAV,420.318352327092,425.86675721663545,5.548404889543488,55,bg_229
-1,Nothing,G:\F1\F1_20240818\279C2981.WAV,G:\F1\F1_20240818\279C2981.WAV,1585.8525129243876,1590.1387617380522,4.286248813664637,42,bg_230
-1,Nothing,G:\F1\F1_20240818\279C2981.WAV,G:\F1\F1_20240818\279C2981.WAV,1420.5404972412146,1422.7268097743658,2.1863125331511912,21,bg_231
-1,Nothing,G:\F1\F1_20240818\279C2981.WAV,G:\F1\F1_20240818\279C2981.WAV,1133.3379190728988,1135.6581476646945,2.320228591795648,23,bg_232
-1,Nothing,G:\F1\F1_20240818\279C2981.WAV,G:\F1\F1_20240818\279C2981.WAV,375.05194663358554,379.8099162520258,4.7579696184402795,47,bg_233
-1,Nothing,G:\F1\F1_20240818\279C2981.WAV,G:\F1\F1_20240818\279C2981.WAV,1384.7097480874402,1390.8952814072386,6.185533319798497,61,bg_234
-1,Nothing,G:\F2\F2_20240420\B92C0088.WAV,G:\F2\F2_20240420\B92C0088.WAV,471.40377653105224,478.5825944551917,7.178817924139479,71,bg_235
-1,Nothing,G:\F2\F2_20240420\B92C0088.WAV,G:\F2\F2_20240420\B92C0088.WAV,1247.7744031939133,1257.6015596955674,9.827156501654088,98,bg_236
-1,Nothing,G:\F2\F2_20240420\B92C0088.WAV,G:\F2\F2_20240420\B92C0088.WAV,1691.7537876387075,1699.4873969889557,7.733609350248073,77,bg_237
-1,Nothing,G:\F2\F2_20240420\B92C0088.WAV,G:\F2\F2_20240420\B92C0088.WAV,581.5314109867471,588.8780224805714,7.34661149382434,73,bg_238
-1,Nothing,G:\F2\F2_20240420\B92C0088.WAV,G:\F2\F2_20240420\B92C0088.WAV,870.615463737991,879.3500774014793,8.734613663488302,87,bg_239
-1,Nothing,G:\F2\F2_20240420\B92C0091.WAV,G:\F2\F2_20240420\B92C0091.WAV,1760.1494158146909,1767.6073440931318,7.457928278440983,74,bg_240
-1,Nothing,G:\F2\F2_20240420\B92C0091.WAV,G:\F2\F2_20240420\B92C0091.WAV,1697.749936742885,1704.4639096329674,6.713972890082389,67,bg_241
-1,Nothing,G:\F2\F2_20240420\B92C0091.WAV,G:\F2\F2_20240420\B92C0091.WAV,1453.7553349382986,1463.608826711899,9.853491773600433,98,bg_242
-1,Nothing,G:\F2\F2_20240420\B92C0091.WAV,G:\F2\F2_20240420\B92C0091.WAV,1612.567709402359,1620.1925530127442,7.624843610385052,76,bg_243
-1,Nothing,G:\F2\F2_20240420\B92C0091.WAV,G:\F2\F2_20240420\B92C0091.WAV,1667.393287794197,1669.0700506554072,1.6767628612100998,16,bg_244
-1,Nothing,G:\F2\F2_20240420\B92C0092.WAV,G:\F2\F2_20240420\B92C0092.WAV,396.54179718422625,401.69394473148685,5.152147547260606,51,bg_245
-1,Nothing,G:\F2\F2_20240420\B92C0092.WAV,G:\F2\F2_20240420\B92C0092.WAV,640.6342340216737,645.5514818555134,4.917247833839704,49,bg_246
-1,Nothing,G:\F2\F2_20240420\B92C0092.WAV,G:\F2\F2_20240420\B92C0092.WAV,1700.2031345484163,1708.243114978736,8.03998043031974,80,bg_247
-1,Nothing,G:\F2\F2_20240420\B92C0092.WAV,G:\F2\F2_20240420\B92C0092.WAV,699.3632178188368,705.1401040651456,5.776886246308758,57,bg_248
-1,Nothing,G:\F2\F2_20240420\B92C0092.WAV,G:\F2\F2_20240420\B92C0092.WAV,839.8949173406409,848.2094567015065,8.3145393608656,83,bg_249
-1,Nothing,G:\F2\F2_20240420\B92C0096.WAV,G:\F2\F2_20240420\B92C0096.WAV,1503.064079626695,1507.1047518691091,4.040672242413975,40,bg_250
-1,Nothing,G:\F2\F2_20240420\B92C0096.WAV,G:\F2\F2_20240420\B92C0096.WAV,644.4976786327072,651.4130821050484,6.915403472341099,69,bg_251
-1,Nothing,G:\F2\F2_20240420\B92C0096.WAV,G:\F2\F2_20240420\B92C0096.WAV,667.4564319951877,675.3067784813281,7.85034648614045,78,bg_252
-1,Nothing,G:\F2\F2_20240420\B92C0096.WAV,G:\F2\F2_20240420\B92C0096.WAV,1483.0266110147352,1491.134891139748,8.108280125013005,81,bg_253
-1,Nothing,G:\F2\F2_20240420\B92C0096.WAV,G:\F2\F2_20240420\B92C0096.WAV,778.9923495117768,781.720433440969,2.7280839291923367,27,bg_254
-1,Nothing,G:\F2\F2_20240420\B92C0100.WAV,G:\F2\F2_20240420\B92C0100.WAV,828.0159927406281,828.5587439275549,0.5427511869267616,5,bg_255
-1,Nothing,G:\F2\F2_20240420\B92C0100.WAV,G:\F2\F2_20240420\B92C0100.WAV,777.9799312613887,784.9141615553505,6.9342302939617735,69,bg_256
-1,Nothing,G:\F2\F2_20240420\B92C0100.WAV,G:\F2\F2_20240420\B92C0100.WAV,251.85511805674534,260.8636494298905,9.00853137314512,90,bg_257
-1,Nothing,G:\F2\F2_20240420\B92C0100.WAV,G:\F2\F2_20240420\B92C0100.WAV,461.9130069257409,464.67076137766657,2.7577544519256745,27,bg_258
-1,Nothing,G:\F2\F2_20240420\B92C0100.WAV,G:\F2\F2_20240420\B92C0100.WAV,1261.3049749131062,1269.9117492889748,8.606774375868564,86,bg_259
-1,Nothing,G:\F2\F2_20240420\B92C0104.WAV,G:\F2\F2_20240420\B92C0104.WAV,226.8375621696567,232.94560455304662,6.108042383389916,61,bg_260
-1,Nothing,G:\F2\F2_20240420\B92C0104.WAV,G:\F2\F2_20240420\B92C0104.WAV,154.30981723594982,163.23211407658258,8.922296840632757,89,bg_261
-1,Nothing,G:\F2\F2_20240420\B92C0104.WAV,G:\F2\F2_20240420\B92C0104.WAV,1530.3562842174465,1531.6619943341861,1.3057101167397493,13,bg_262
-1,Nothing,G:\F2\F2_20240420\B92C0104.WAV,G:\F2\F2_20240420\B92C0104.WAV,822.2917831444852,830.4623834012599,8.170600256774676,81,bg_263
-1,Nothing,G:\F2\F2_20240420\B92C0104.WAV,G:\F2\F2_20240420\B92C0104.WAV,977.9958977348316,981.3113372764377,3.3154395416060667,33,bg_264
-1,Nothing,G:\F2\F2_20240420\B92C0105.WAV,G:\F2\F2_20240420\B92C0105.WAV,498.6619601796657,504.6232435110845,5.961283331418819,59,bg_265
-1,Nothing,G:\F2\F2_20240420\B92C0105.WAV,G:\F2\F2_20240420\B92C0105.WAV,546.0013619320757,553.159731528222,7.1583695961462555,71,bg_266
-1,Nothing,G:\F2\F2_20240420\B92C0105.WAV,G:\F2\F2_20240420\B92C0105.WAV,510.22084143173043,519.4161796544432,9.19533822271277,91,bg_267
-1,Nothing,G:\F2\F2_20240420\B92C0105.WAV,G:\F2\F2_20240420\B92C0105.WAV,133.7053735351815,135.4818592116556,1.7764856764740842,17,bg_268
-1,Nothing,G:\F2\F2_20240420\B92C0105.WAV,G:\F2\F2_20240420\B92C0105.WAV,316.2745891490921,318.6933900071355,2.418800858043425,24,bg_269
-1,Nothing,G:\F2\F2_20240518\B92C0756.WAV,G:\F2\F2_20240518\B92C0756.WAV,1461.1469291321932,1465.9530883389448,4.806159206751553,48,bg_270
-1,Nothing,G:\F2\F2_20240518\B92C0756.WAV,G:\F2\F2_20240518\B92C0756.WAV,1774.7959852220097,1779.2896120513099,4.4936268293001325,44,bg_271
-1,Nothing,G:\F2\F2_20240518\B92C0756.WAV,G:\F2\F2_20240518\B92C0756.WAV,1430.4495249676563,1438.093174622618,7.643649654961697,76,bg_272
-1,Nothing,G:\F2\F2_20240518\B92C0756.WAV,G:\F2\F2_20240518\B92C0756.WAV,1405.1112596392088,1414.1327292275523,9.021469588343454,90,bg_273
-1,Nothing,G:\F2\F2_20240518\B92C0756.WAV,G:\F2\F2_20240518\B92C0756.WAV,1556.5454989284901,1560.1362548683985,3.590755939908432,35,bg_274
-1,Nothing,G:\F2\F2_20240518\B92C0763.WAV,G:\F2\F2_20240518\B92C0763.WAV,1694.5124098620777,1702.0644303815484,7.552020519470778,75,bg_275
-1,Nothing,G:\F2\F2_20240518\B92C0763.WAV,G:\F2\F2_20240518\B92C0763.WAV,156.68892520633116,163.39659769192136,6.707672485590204,67,bg_276
-1,Nothing,G:\F2\F2_20240518\B92C0763.WAV,G:\F2\F2_20240518\B92C0763.WAV,737.5935073428245,741.1571846409269,3.56367729810232,35,bg_277
-1,Nothing,G:\F2\F2_20240518\B92C0763.WAV,G:\F2\F2_20240518\B92C0763.WAV,363.3178966359701,372.12388310623277,8.80598647026267,88,bg_278
-1,Nothing,G:\F2\F2_20240518\B92C0763.WAV,G:\F2\F2_20240518\B92C0763.WAV,969.8417877843895,977.8655448232325,8.023757038843055,80,bg_279
-1,Nothing,G:\F2\F2_20240518\B92C0765.WAV,G:\F2\F2_20240518\B92C0765.WAV,1787.357543272798,1792.0222127293478,4.664669456549833,46,bg_280
-1,Nothing,G:\F2\F2_20240518\B92C0765.WAV,G:\F2\F2_20240518\B92C0765.WAV,221.03366877320255,227.94234480450328,6.908676031300729,69,bg_281
-1,Nothing,G:\F2\F2_20240518\B92C0765.WAV,G:\F2\F2_20240518\B92C0765.WAV,49.84319419837408,58.91745690595678,9.074262707582703,90,bg_282
-1,Nothing,G:\F2\F2_20240518\B92C0765.WAV,G:\F2\F2_20240518\B92C0765.WAV,433.67616612953043,439.5167881000374,5.840621970506936,58,bg_283
-1,Nothing,G:\F2\F2_20240518\B92C0765.WAV,G:\F2\F2_20240518\B92C0765.WAV,139.22379856754213,145.9265587699001,6.702760202357985,67,bg_284
-1,Nothing,G:\F2\F2_20240518\B92C0776.WAV,G:\F2\F2_20240518\B92C0776.WAV,1475.60017004523,1480.2134087274737,4.6132386822437885,46,bg_285
-1,Nothing,G:\F2\F2_20240518\B92C0776.WAV,G:\F2\F2_20240518\B92C0776.WAV,1477.131644423052,1486.7495023851795,9.617857962127593,96,bg_286
-1,Nothing,G:\F2\F2_20240518\B92C0776.WAV,G:\F2\F2_20240518\B92C0776.WAV,95.63232151399491,98.46995432329183,2.8376328092969154,28,bg_287
-1,Nothing,G:\F2\F2_20240518\B92C0776.WAV,G:\F2\F2_20240518\B92C0776.WAV,455.5304981176919,460.35411762060363,4.823619502911742,48,bg_288
-1,Nothing,G:\F2\F2_20240518\B92C0776.WAV,G:\F2\F2_20240518\B92C0776.WAV,1501.136369129188,1502.1204937136495,0.9841245844614175,9,bg_289
-1,Nothing,G:\F2\F2_20240518\B92C0777.WAV,G:\F2\F2_20240518\B92C0777.WAV,1461.2695263986361,1465.4223179895405,4.152791590904316,41,bg_290
-1,Nothing,G:\F2\F2_20240518\B92C0777.WAV,G:\F2\F2_20240518\B92C0777.WAV,206.41405304196957,208.8807481864553,2.4666951444857137,24,bg_291
-1,Nothing,G:\F2\F2_20240518\B92C0777.WAV,G:\F2\F2_20240518\B92C0777.WAV,1.131856652823965,5.376051536015892,4.244194883191926,42,bg_292
-1,Nothing,G:\F2\F2_20240518\B92C0777.WAV,G:\F2\F2_20240518\B92C0777.WAV,590.3296834337468,591.8943519582344,1.5646685244876266,15,bg_293
-1,Nothing,G:\F2\F2_20240518\B92C0777.WAV,G:\F2\F2_20240518\B92C0777.WAV,335.44754347690673,335.95925757076986,0.5117140938631273,5,bg_294
-1,Nothing,G:\F2\F2_20240603\B92C1148.WAV,G:\F2\F2_20240603\B92C1148.WAV,983.2543262402271,986.9187207698282,3.664394529601059,36,bg_295
-1,Nothing,G:\F2\F2_20240603\B92C1148.WAV,G:\F2\F2_20240603\B92C1148.WAV,93.16975624662753,101.08527705313008,7.915520806502551,79,bg_296
-1,Nothing,G:\F2\F2_20240603\B92C1148.WAV,G:\F2\F2_20240603\B92C1148.WAV,713.2536217697314,716.8172809589248,3.5636591891934333,35,bg_297
-1,Nothing,G:\F2\F2_20240603\B92C1148.WAV,G:\F2\F2_20240603\B92C1148.WAV,692.5637323699787,697.6224346752138,5.058702305235119,50,bg_298
-1,Nothing,G:\F2\F2_20240603\B92C1148.WAV,G:\F2\F2_20240603\B92C1148.WAV,1696.869322762374,1700.5113123118952,3.6419895495212335,36,bg_299
-1,Nothing,G:\F2\F2_20240603\B92C1149.WAV,G:\F2\F2_20240603\B92C1149.WAV,282.50585889726756,283.46726715081365,0.9614082535461017,9,bg_300
-1,Nothing,G:\F2\F2_20240603\B92C1149.WAV,G:\F2\F2_20240603\B92C1149.WAV,272.8262872755445,274.7556003853405,1.9293131097960037,19,bg_301
-1,Nothing,G:\F2\F2_20240603\B92C1149.WAV,G:\F2\F2_20240603\B92C1149.WAV,1.7882772980870916,3.601228328653134,1.8129510305660421,18,bg_302
-1,Nothing,G:\F2\F2_20240603\B92C1149.WAV,G:\F2\F2_20240603\B92C1149.WAV,1337.7167182731232,1340.005777033831,2.2890587607078423,22,bg_303
-1,Nothing,G:\F2\F2_20240603\B92C1149.WAV,G:\F2\F2_20240603\B92C1149.WAV,460.69924223519837,462.2502221770393,1.550979941840931,15,bg_304
-1,Nothing,G:\F2\F2_20240603\B92C1160.WAV,G:\F2\F2_20240603\B92C1160.WAV,1051.926429188058,1057.8339436671492,5.90751447909143,59,bg_305
-1,Nothing,G:\F2\F2_20240603\B92C1160.WAV,G:\F2\F2_20240603\B92C1160.WAV,1147.0170863736907,1155.5867220380437,8.569635664352901,85,bg_306
-1,Nothing,G:\F2\F2_20240603\B92C1160.WAV,G:\F2\F2_20240603\B92C1160.WAV,134.3627095632106,140.74434088426685,6.381631321056253,63,bg_307
-1,Nothing,G:\F2\F2_20240603\B92C1160.WAV,G:\F2\F2_20240603\B92C1160.WAV,1359.0419558694912,1366.8848610567763,7.842905187285198,78,bg_308
-1,Nothing,G:\F2\F2_20240603\B92C1160.WAV,G:\F2\F2_20240603\B92C1160.WAV,1474.6972686643774,1483.9258086329528,9.228539968575468,92,bg_309
-1,Nothing,G:\F2\F2_20240603\B92C1161.WAV,G:\F2\F2_20240603\B92C1161.WAV,955.5591726512802,961.7917049674467,6.232532316166554,62,bg_310
-1,Nothing,G:\F2\F2_20240603\B92C1161.WAV,G:\F2\F2_20240603\B92C1161.WAV,898.2886470662211,906.5136608515121,8.225013785291072,82,bg_311
-1,Nothing,G:\F2\F2_20240603\B92C1161.WAV,G:\F2\F2_20240603\B92C1161.WAV,117.98056701325064,126.0730954745448,8.092528461294165,80,bg_312
-1,Nothing,G:\F2\F2_20240603\B92C1161.WAV,G:\F2\F2_20240603\B92C1161.WAV,55.87075273044651,60.30400062144426,4.4332478909977455,44,bg_313
-1,Nothing,G:\F2\F2_20240603\B92C1161.WAV,G:\F2\F2_20240603\B92C1161.WAV,1.0410192642078182,1.8244495801549443,0.7834303159471261,7,bg_314
-1,Nothing,G:\F2\F2_20240619\B92C1525.WAV,G:\F2\F2_20240619\B92C1525.WAV,1565.1799585750548,1565.860782979321,0.6808244042661225,6,bg_315
-1,Nothing,G:\F2\F2_20240619\B92C1525.WAV,G:\F2\F2_20240619\B92C1525.WAV,1112.2083607197035,1119.4352274586975,7.226866738994085,72,bg_316
-1,Nothing,G:\F2\F2_20240619\B92C1525.WAV,G:\F2\F2_20240619\B92C1525.WAV,896.4389021543295,899.9518572800644,3.5129551257347984,35,bg_317
-1,Nothing,G:\F2\F2_20240619\B92C1525.WAV,G:\F2\F2_20240619\B92C1525.WAV,1601.5562190130138,1603.2534692596068,1.697250246592952,16,bg_318
-1,Nothing,G:\F2\F2_20240619\B92C1525.WAV,G:\F2\F2_20240619\B92C1525.WAV,763.990719022976,771.0751255788082,7.084406555832164,70,bg_319
-1,Nothing,G:\F2\F2_20240619\B92C1526.WAV,G:\F2\F2_20240619\B92C1526.WAV,1778.041587551404,1787.963445072727,9.921857521322751,99,bg_320
-1,Nothing,G:\F2\F2_20240619\B92C1526.WAV,G:\F2\F2_20240619\B92C1526.WAV,1584.38824697669,1590.4423159009646,6.054068924274572,60,bg_321
-1,Nothing,G:\F2\F2_20240619\B92C1526.WAV,G:\F2\F2_20240619\B92C1526.WAV,1131.5440246475646,1137.1379285721227,5.593903924558065,55,bg_322
-1,Nothing,G:\F2\F2_20240619\B92C1526.WAV,G:\F2\F2_20240619\B92C1526.WAV,1085.3111012443162,1088.4063795635745,3.095278319258325,30,bg_323
-1,Nothing,G:\F2\F2_20240619\B92C1526.WAV,G:\F2\F2_20240619\B92C1526.WAV,0.6595236277223524,3.959697963148601,3.3001743354262487,33,bg_324
-1,Nothing,G:\F2\F2_20240619\B92C1537.WAV,G:\F2\F2_20240619\B92C1537.WAV,241.3484740066618,249.7928031866665,8.444329180004711,84,bg_325
-1,Nothing,G:\F2\F2_20240619\B92C1537.WAV,G:\F2\F2_20240619\B92C1537.WAV,359.0710267125872,361.76819183961226,2.6971651270250963,26,bg_326
-1,Nothing,G:\F2\F2_20240619\B92C1537.WAV,G:\F2\F2_20240619\B92C1537.WAV,1180.2835046507691,1183.1933174631065,2.9098128123373708,29,bg_327
-1,Nothing,G:\F2\F2_20240619\B92C1537.WAV,G:\F2\F2_20240619\B92C1537.WAV,1350.8042830495347,1355.0678648000976,4.263581750562865,42,bg_328
-1,Nothing,G:\F2\F2_20240619\B92C1537.WAV,G:\F2\F2_20240619\B92C1537.WAV,1459.9614730519354,1467.356284581732,7.3948115297966215,73,bg_329
-1,Nothing,G:\F2\F2_20240718\B92C2228.WAV,G:\F2\F2_20240718\B92C2228.WAV,1353.5543175916628,1363.3967798135957,9.842462221932907,98,bg_330
-1,Nothing,G:\F2\F2_20240718\B92C2228.WAV,G:\F2\F2_20240718\B92C2228.WAV,1640.3884899095342,1645.7770289024468,5.388538992912544,53,bg_331
-1,Nothing,G:\F2\F2_20240718\B92C2228.WAV,G:\F2\F2_20240718\B92C2228.WAV,420.85171194295765,426.2938975798946,5.442185636936942,54,bg_332
-1,Nothing,G:\F2\F2_20240718\B92C2228.WAV,G:\F2\F2_20240718\B92C2228.WAV,1338.6463106965612,1340.0399943459104,1.3936836493492601,13,bg_333
-1,Nothing,G:\F2\F2_20240718\B92C2228.WAV,G:\F2\F2_20240718\B92C2228.WAV,1151.0406134875,1158.0251386704876,6.984525182987594,69,bg_334
-1,Nothing,G:\F2\F2_20240718\B92C2229.WAV,G:\F2\F2_20240718\B92C2229.WAV,3.9036955834009235,13.538417064040733,9.63472148063981,96,bg_335
-1,Nothing,G:\F2\F2_20240718\B92C2229.WAV,G:\F2\F2_20240718\B92C2229.WAV,18.74231669882802,27.4026538741263,8.660337175298281,86,bg_336
-1,Nothing,G:\F2\F2_20240718\B92C2229.WAV,G:\F2\F2_20240718\B92C2229.WAV,19.57155086801581,22.08695123948717,2.5154003714713635,25,bg_337
-1,Nothing,G:\F2\F2_20240718\B92C2229.WAV,G:\F2\F2_20240718\B92C2229.WAV,7.715058705201241,16.559533176403857,8.844474471202615,88,bg_338
-1,Nothing,G:\F2\F2_20240718\B92C2229.WAV,G:\F2\F2_20240718\B92C2229.WAV,17.39103055705317,22.80271568212275,5.411685125069577,54,bg_339
-1,Nothing,G:\F2\F2_20240718\B92C2231.WAV,G:\F2\F2_20240718\B92C2231.WAV,1598.7992013391095,1606.7373225743572,7.938121235247807,79,bg_340
-1,Nothing,G:\F2\F2_20240718\B92C2231.WAV,G:\F2\F2_20240718\B92C2231.WAV,1626.5320254992182,1628.0258689188636,1.4938434196453645,14,bg_341
-1,Nothing,G:\F2\F2_20240718\B92C2231.WAV,G:\F2\F2_20240718\B92C2231.WAV,1652.4548296772496,1660.5367553175238,8.081925640274164,80,bg_342
-1,Nothing,G:\F2\F2_20240718\B92C2231.WAV,G:\F2\F2_20240718\B92C2231.WAV,1293.536597340811,1295.9783723280848,2.4417749872735772,24,bg_343
-1,Nothing,G:\F2\F2_20240718\B92C2231.WAV,G:\F2\F2_20240718\B92C2231.WAV,1583.6486083996383,1593.4512424198574,9.802634020219157,98,bg_344
-1,Nothing,G:\F2\F2_20240718\B92C2232.WAV,G:\F2\F2_20240718\B92C2232.WAV,1498.562087015614,1505.8955560856768,7.333469070062824,73,bg_345
-1,Nothing,G:\F2\F2_20240718\B92C2232.WAV,G:\F2\F2_20240718\B92C2232.WAV,1604.9164820095248,1608.4482406512216,3.531758641696827,35,bg_346
-1,Nothing,G:\F2\F2_20240718\B92C2232.WAV,G:\F2\F2_20240718\B92C2232.WAV,268.8314779564081,274.85087700701456,6.019399050606482,60,bg_347
-1,Nothing,G:\F2\F2_20240718\B92C2232.WAV,G:\F2\F2_20240718\B92C2232.WAV,233.16200400198602,242.54812701286772,9.3861230108817,93,bg_348
-1,Nothing,G:\F2\F2_20240718\B92C2232.WAV,G:\F2\F2_20240718\B92C2232.WAV,217.48394797590387,219.85299869303486,2.369050717130998,23,bg_349
-1,Nothing,G:\F2\F2_20240718\B92C2233.WAV,G:\F2\F2_20240718\B92C2233.WAV,94.96452852575311,96.71006110950219,1.7455325837490887,17,bg_350
-1,Nothing,G:\F2\F2_20240718\B92C2233.WAV,G:\F2\F2_20240718\B92C2233.WAV,66.06814045776333,73.07148015500327,7.003339697239934,70,bg_351
-1,Nothing,G:\F2\F2_20240718\B92C2233.WAV,G:\F2\F2_20240718\B92C2233.WAV,88.05917237910899,90.87334146001575,2.8141690809067708,28,bg_352
-1,Nothing,G:\F2\F2_20240718\B92C2233.WAV,G:\F2\F2_20240718\B92C2233.WAV,226.4088492382967,234.06714258679915,7.6582933485024505,76,bg_353
-1,Nothing,G:\F2\F2_20240718\B92C2233.WAV,G:\F2\F2_20240718\B92C2233.WAV,543.3012004706011,545.7210374362331,2.4198369656320406,24,bg_354
-1,Nothing,G:\F2\F2_20240803\B92C2606.WAV,G:\F2\F2_20240803\B92C2606.WAV,170.2350527593973,175.69416962237915,5.459116862981867,54,bg_355
-1,Nothing,G:\F2\F2_20240803\B92C2606.WAV,G:\F2\F2_20240803\B92C2606.WAV,318.1183699763951,319.0475145877947,0.9291446113995507,9,bg_356
-1,Nothing,G:\F2\F2_20240803\B92C2606.WAV,G:\F2\F2_20240803\B92C2606.WAV,323.0749042897081,332.6885615922464,9.613657302538279,96,bg_357
-1,Nothing,G:\F2\F2_20240803\B92C2606.WAV,G:\F2\F2_20240803\B92C2606.WAV,949.3887850118979,950.9403597151793,1.5515747032813532,15,bg_358
-1,Nothing,G:\F2\F2_20240803\B92C2606.WAV,G:\F2\F2_20240803\B92C2606.WAV,577.1585731287057,580.4589256496639,3.300352520958156,33,bg_359
-1,Nothing,G:\F2\F2_20240803\B92C2611.WAV,G:\F2\F2_20240803\B92C2611.WAV,1775.952893065158,1785.0184906740392,9.065597608881165,90,bg_360
-1,Nothing,G:\F2\F2_20240803\B92C2611.WAV,G:\F2\F2_20240803\B92C2611.WAV,886.5229942275487,896.3554777170417,9.832483489493058,98,bg_361
-1,Nothing,G:\F2\F2_20240803\B92C2611.WAV,G:\F2\F2_20240803\B92C2611.WAV,1359.3479636290895,1361.1570022204037,1.8090385913141493,18,bg_362
-1,Nothing,G:\F2\F2_20240803\B92C2611.WAV,G:\F2\F2_20240803\B92C2611.WAV,715.9904038085622,717.4116937512642,1.4212899427020533,14,bg_363
-1,Nothing,G:\F2\F2_20240803\B92C2611.WAV,G:\F2\F2_20240803\B92C2611.WAV,732.2889472298976,738.6481309311321,6.359183701234436,63,bg_364
-1,Nothing,G:\F2\F2_20240803\B92C2613.WAV,G:\F2\F2_20240803\B92C2613.WAV,906.6256248442348,909.5315518510367,2.9059270068018748,29,bg_365
-1,Nothing,G:\F2\F2_20240803\B92C2613.WAV,G:\F2\F2_20240803\B92C2613.WAV,780.0118985332267,786.0620632038083,6.050164670581573,60,bg_366
-1,Nothing,G:\F2\F2_20240803\B92C2613.WAV,G:\F2\F2_20240803\B92C2613.WAV,1363.5105140229518,1366.822826220597,3.3123121976452445,33,bg_367
-1,Nothing,G:\F2\F2_20240803\B92C2613.WAV,G:\F2\F2_20240803\B92C2613.WAV,818.2182876416579,825.9384298732261,7.720142231568332,77,bg_368
-1,Nothing,G:\F2\F2_20240803\B92C2613.WAV,G:\F2\F2_20240803\B92C2613.WAV,1156.7315264468966,1159.19625495828,2.464728511383301,24,bg_369
-1,Nothing,G:\F2\F2_20240803\B92C2614.WAV,G:\F2\F2_20240803\B92C2614.WAV,1710.8503269613745,1719.863486744399,9.013159783024488,90,bg_370
-1,Nothing,G:\F2\F2_20240803\B92C2614.WAV,G:\F2\F2_20240803\B92C2614.WAV,303.7694883534114,306.78261655934887,3.0131282059374556,30,bg_371
-1,Nothing,G:\F2\F2_20240803\B92C2614.WAV,G:\F2\F2_20240803\B92C2614.WAV,1744.06399684239,1748.4928921898347,4.428895347444714,44,bg_372
-1,Nothing,G:\F2\F2_20240803\B92C2614.WAV,G:\F2\F2_20240803\B92C2614.WAV,1783.0534438847794,1785.8834041285,2.8299602437204916,28,bg_373
-1,Nothing,G:\F2\F2_20240803\B92C2614.WAV,G:\F2\F2_20240803\B92C2614.WAV,1732.2178337180633,1741.0262975466912,8.808463828627932,88,bg_374
-1,Nothing,G:\F2\F2_20240818\B92C2967.WAV,G:\F2\F2_20240818\B92C2967.WAV,1054.2214241996405,1059.7645029453747,5.543078745734237,55,bg_375
-1,Nothing,G:\F2\F2_20240818\B92C2967.WAV,G:\F2\F2_20240818\B92C2967.WAV,761.8760892897575,763.9080028868508,2.031913597093279,20,bg_376
-1,Nothing,G:\F2\F2_20240818\B92C2967.WAV,G:\F2\F2_20240818\B92C2967.WAV,415.9856061840308,424.92150005578384,8.93589387175301,89,bg_377
-1,Nothing,G:\F2\F2_20240818\B92C2967.WAV,G:\F2\F2_20240818\B92C2967.WAV,1333.7461272326855,1338.9069024300481,5.160775197362783,51,bg_378
-1,Nothing,G:\F2\F2_20240818\B92C2967.WAV,G:\F2\F2_20240818\B92C2967.WAV,943.4048701223553,949.0022662513377,5.597396128982348,55,bg_379
-1,Nothing,G:\F2\F2_20240818\B92C2968.WAV,G:\F2\F2_20240818\B92C2968.WAV,344.7498145385751,346.44362114082617,1.6938066022510918,16,bg_380
-1,Nothing,G:\F2\F2_20240818\B92C2968.WAV,G:\F2\F2_20240818\B92C2968.WAV,599.0012540439732,604.0805462600435,5.07929221607033,50,bg_381
-1,Nothing,G:\F2\F2_20240818\B92C2968.WAV,G:\F2\F2_20240818\B92C2968.WAV,661.9733007924463,667.7402580368256,5.766957244379369,57,bg_382
-1,Nothing,G:\F2\F2_20240818\B92C2968.WAV,G:\F2\F2_20240818\B92C2968.WAV,535.4540769210796,538.3593306792823,2.9052537582027145,29,bg_383
-1,Nothing,G:\F2\F2_20240818\B92C2968.WAV,G:\F2\F2_20240818\B92C2968.WAV,113.99017842233097,123.20023829480833,9.210059872477359,92,bg_384
-1,Nothing,G:\F2\F2_20240818\B92C2971.WAV,G:\F2\F2_20240818\B92C2971.WAV,269.98934430261517,276.2665718158038,6.27722751318862,62,bg_385
-1,Nothing,G:\F2\F2_20240818\B92C2971.WAV,G:\F2\F2_20240818\B92C2971.WAV,963.1377009448312,968.6906188126188,5.552917867787647,55,bg_386
-1,Nothing,G:\F2\F2_20240818\B92C2971.WAV,G:\F2\F2_20240818\B92C2971.WAV,497.32548449848645,507.21722153442244,9.891737035935977,98,bg_387
-1,Nothing,G:\F2\F2_20240818\B92C2971.WAV,G:\F2\F2_20240818\B92C2971.WAV,1300.438078376501,1305.3912916981335,4.953213321632548,49,bg_388
-1,Nothing,G:\F2\F2_20240818\B92C2971.WAV,G:\F2\F2_20240818\B92C2971.WAV,993.8088229333381,1003.055148586937,9.246325653598895,92,bg_389
-1,Nothing,G:\F2\F2_20240818\B92C2974.WAV,G:\F2\F2_20240818\B92C2974.WAV,859.5096866652383,863.2625215949392,3.752834929700972,37,bg_390
-1,Nothing,G:\F2\F2_20240818\B92C2974.WAV,G:\F2\F2_20240818\B92C2974.WAV,856.5073908111846,862.9231238885725,6.415733077387977,64,bg_391
-1,Nothing,G:\F2\F2_20240818\B92C2974.WAV,G:\F2\F2_20240818\B92C2974.WAV,1745.7139734082052,1748.2275422134703,2.5135688052651544,25,bg_392
-1,Nothing,G:\F2\F2_20240818\B92C2974.WAV,G:\F2\F2_20240818\B92C2974.WAV,2.4957256749961143,7.156626902739654,4.6609012277435395,46,bg_393
-1,Nothing,G:\F2\F2_20240818\B92C2974.WAV,G:\F2\F2_20240818\B92C2974.WAV,1306.4668159478433,1316.4038166827495,9.93700073490619,99,bg_394
-1,Nothing,G:\F2\F2_20240818\B92C2975.WAV,G:\F2\F2_20240818\B92C2975.WAV,1657.8547469283897,1658.944346440521,1.0895995121314748,10,bg_395
-1,Nothing,G:\F2\F2_20240818\B92C2975.WAV,G:\F2\F2_20240818\B92C2975.WAV,1704.8676324493958,1706.814736195893,1.9471037464969692,19,bg_396
-1,Nothing,G:\F2\F2_20240818\B92C2975.WAV,G:\F2\F2_20240818\B92C2975.WAV,509.6055335791113,513.8383437990285,4.232810219917216,42,bg_397
-1,Nothing,G:\F2\F2_20240818\B92C2975.WAV,G:\F2\F2_20240818\B92C2975.WAV,1775.85309743839,1783.2518086580371,7.39871121964706,73,bg_398
-1,Nothing,G:\F2\F2_20240818\B92C2975.WAV,G:\F2\F2_20240818\B92C2975.WAV,1687.6525272690233,1694.4220646297515,6.769537360728148,67,bg_399
-1,Nothing,G:\F2\F2_20240818\B92C2977.WAV,G:\F2\F2_20240818\B92C2977.WAV,779.5273336578995,789.0529140568316,9.525580398932153,95,bg_400
-1,Nothing,G:\F2\F2_20240818\B92C2977.WAV,G:\F2\F2_20240818\B92C2977.WAV,209.90062029186757,212.08435755373566,2.1837372618680893,21,bg_401
-1,Nothing,G:\F2\F2_20240818\B92C2977.WAV,G:\F2\F2_20240818\B92C2977.WAV,947.8705988383649,948.7530093677942,0.8824105294292757,8,bg_402
-1,Nothing,G:\F2\F2_20240818\B92C2977.WAV,G:\F2\F2_20240818\B92C2977.WAV,1778.4707134502246,1787.4493465022542,8.9786330520296,89,bg_403
-1,Nothing,G:\F2\F2_20240818\B92C2977.WAV,G:\F2\F2_20240818\B92C2977.WAV,1270.1781273021988,1275.7265585123725,5.548431210173816,55,bg_404
-1,Nothing,G:\F2\F2_20240818\B92C2978.WAV,G:\F2\F2_20240818\B92C2978.WAV,975.2883281185611,978.6618907893715,3.3735626708103172,33,bg_405
-1,Nothing,G:\F2\F2_20240818\B92C2978.WAV,G:\F2\F2_20240818\B92C2978.WAV,1213.0416445805872,1220.55749635111,7.515851770522971,75,bg_406
-1,Nothing,G:\F2\F2_20240818\B92C2978.WAV,G:\F2\F2_20240818\B92C2978.WAV,1148.4014808994734,1155.739414982178,7.337934082704689,73,bg_407
-1,Nothing,G:\F2\F2_20240818\B92C2978.WAV,G:\F2\F2_20240818\B92C2978.WAV,332.5759320321906,341.69325213783094,9.117320105640331,91,bg_408
-1,Nothing,G:\F2\F2_20240818\B92C2978.WAV,G:\F2\F2_20240818\B92C2978.WAV,1026.495841969747,1030.2482850860977,3.752443116350514,37,bg_409
-1,Nothing,G:\F2\F2_20240818\B92C2979.WAV,G:\F2\F2_20240818\B92C2979.WAV,162.04099049345763,166.72146652167638,4.680476028218748,46,bg_410
-1,Nothing,G:\F2\F2_20240818\B92C2979.WAV,G:\F2\F2_20240818\B92C2979.WAV,97.39016925897515,104.23132352886935,6.841154269894201,68,bg_411
-1,Nothing,G:\F2\F2_20240818\B92C2979.WAV,G:\F2\F2_20240818\B92C2979.WAV,225.6225244755061,232.420166760502,6.797642284995905,67,bg_412
-1,Nothing,G:\F2\F2_20240818\B92C2979.WAV,G:\F2\F2_20240818\B92C2979.WAV,119.0819178843549,121.46111143331727,2.3791935489623706,23,bg_413
-1,Nothing,G:\F2\F2_20240818\B92C2979.WAV,G:\F2\F2_20240818\B92C2979.WAV,1100.9113629585734,1109.5873517718367,8.675988813263237,86,bg_414
